Symbol,Sector,MarketCap,Date,Close,MACD_Fast,MACD_Slow
20MICRONS,Metals - Misc,Small Cap,2025-11-10,204.42,0.0,0.0
20MICRONS,Metals - Misc,Small Cap,2025-11-10,203.33,-0.09,-0.02
20MICRONS,Metals - Misc,Small Cap,2025-11-11,201.76,-0.28,-0.07
20MICRONS,Metals - Misc,Small Cap,2025-11-11,197.7,-0.75,-0.21
20MICRONS,Metals - Misc,Small Cap,2025-11-12,199.2,-0.99,-0.36
20MICRONS,Metals - Misc,Small Cap,2025-11-12,199.25,-1.17,-0.52
20MICRONS,Metals - Misc,Small Cap,2025-11-13,198.6,-1.34,-0.69
20MICRONS,Metals - Misc,Small Cap,2025-11-13,198.1,-1.5,-0.85
20MICRONS,Metals - Misc,Small Cap,2025-11-14,196.83,-1.71,-1.02
20MICRONS,Metals - Misc,Small Cap,2025-11-14,193.63,-2.11,-1.24
20MICRONS,Metals - Misc,Small Cap,2025-11-17,195.72,-2.24,-1.44
20MICRONS,Metals - Misc,Small Cap,2025-11-17,195.09,-2.36,-1.62
20MICRONS,Metals - Misc,Small Cap,2025-11-18,195.89,-2.36,-1.77
20MICRONS,Metals - Misc,Small Cap,2025-11-18,195.0,-2.41,-1.9
20MICRONS,Metals - Misc,Small Cap,2025-11-19,194.33,-2.47,-2.01
20MICRONS,Metals - Misc,Small Cap,2025-11-19,195.48,-2.4,-2.09
20MICRONS,Metals - Misc,Small Cap,2025-11-20,192.98,-2.52,-2.18
20MICRONS,Metals - Misc,Small Cap,2025-11-20,190.59,-2.77,-2.3
20MICRONS,Metals - Misc,Small Cap,2025-11-21,192.18,-2.81,-2.4
20MICRONS,Metals - Misc,Small Cap,2025-11-21,189.61,-3.02,-2.52
20MICRONS,Metals - Misc,Small Cap,2025-11-24,186.35,-3.4,-2.7
20MICRONS,Metals - Misc,Small Cap,2025-11-24,185.16,-3.76,-2.91
20MICRONS,Metals - Misc,Small Cap,2025-11-25,187.0,-3.85,-3.1
20MICRONS,Metals - Misc,Small Cap,2025-11-25,187.98,-3.8,-3.24
20MICRONS,Metals - Misc,Small Cap,2025-11-26,190.16,-3.55,-3.3
20MICRONS,Metals - Misc,Small Cap,2025-11-26,195.9,-2.85,-3.21
20MICRONS,Metals - Misc,Small Cap,2025-11-27,196.48,-2.22,-3.01
20MICRONS,Metals - Misc,Small Cap,2025-11-27,193.99,-1.9,-2.79
20MICRONS,Metals - Misc,Small Cap,2025-11-28,191.81,-1.8,-2.59
20MICRONS,Metals - Misc,Small Cap,2025-11-28,192.35,-1.67,-2.41
20MICRONS,Metals - Misc,Small Cap,2025-12-01,192.99,-1.49,-2.22
20MICRONS,Metals - Misc,Small Cap,2025-12-01,191.56,-1.44,-2.07
20MICRONS,Metals - Misc,Small Cap,2025-12-02,190.55,-1.47,-1.95
20MICRONS,Metals - Misc,Small Cap,2025-12-02,189.12,-1.59,-1.88
20MICRONS,Metals - Misc,Small Cap,2025-12-03,188.1,-1.75,-1.85
20MICRONS,Metals - Misc,Small Cap,2025-12-03,190.6,-1.66,-1.81
20MICRONS,Metals - Misc,Small Cap,2025-12-04,190.87,-1.54,-1.76
20MICRONS,Metals - Misc,Small Cap,2025-12-04,189.0,-1.58,-1.72
20MICRONS,Metals - Misc,Small Cap,2025-12-05,186.57,-1.79,-1.74
20MICRONS,Metals - Misc,Small Cap,2025-12-05,188.66,-1.77,-1.74
20MICRONS,Metals - Misc,Small Cap,2025-12-08,186.21,-1.92,-1.78
20MICRONS,Metals - Misc,Small Cap,2025-12-08,185.58,-2.07,-1.84
20MICRONS,Metals - Misc,Small Cap,2025-12-09,188.69,-1.92,-1.85
20MICRONS,Metals - Misc,Small Cap,2025-12-09,188.41,-1.8,-1.84
20MICRONS,Metals - Misc,Small Cap,2025-12-10,190.26,-1.54,-1.78
20MICRONS,Metals - Misc,Small Cap,2025-12-10,188.36,-1.47,-1.72
20MICRONS,Metals - Misc,Small Cap,2025-12-11,188.86,-1.35,-1.65
20MICRONS,Metals - Misc,Small Cap,2025-12-11,188.1,-1.31,-1.58
20MICRONS,Metals - Misc,Small Cap,2025-12-12,189.53,-1.15,-1.49
20MICRONS,Metals - Misc,Small Cap,2025-12-12,190.5,-0.93,-1.38
20MICRONS,Metals - Misc,Small Cap,2025-12-15,191.19,-0.7,-1.24
20MICRONS,Metals - Misc,Small Cap,2025-12-15,192.5,-0.4,-1.07
20MICRONS,Metals - Misc,Small Cap,2025-12-16,196.61,0.17,-0.83
20MICRONS,Metals - Misc,Small Cap,2025-12-16,195.92,0.55,-0.55
20MICRONS,Metals - Misc,Small Cap,2025-12-17,191.75,0.52,-0.34
20MICRONS,Metals - Misc,Small Cap,2025-12-17,191.21,0.44,-0.18
20MICRONS,Metals - Misc,Small Cap,2025-12-18,190.74,0.34,-0.08
20MICRONS,Metals - Misc,Small Cap,2025-12-18,191.21,0.29,-0.0
20MICRONS,Metals - Misc,Small Cap,2025-12-19,191.13,0.24,0.05
20MICRONS,Metals - Misc,Small Cap,2025-12-19,192.33,0.3,0.1
21STCENMGM,Financials - Misc,Small Cap,2025-11-10,46.93,0.0,0.0
21STCENMGM,Financials - Misc,Small Cap,2025-11-10,46.93,0.0,0.0
21STCENMGM,Financials - Misc,Small Cap,2025-11-11,45.99,-0.07,-0.01
21STCENMGM,Financials - Misc,Small Cap,2025-11-11,45.99,-0.13,-0.04
21STCENMGM,Financials - Misc,Small Cap,2025-11-12,45.07,-0.25,-0.08
21STCENMGM,Financials - Misc,Small Cap,2025-11-12,45.07,-0.34,-0.13
21STCENMGM,Financials - Misc,Small Cap,2025-11-13,44.16,-0.48,-0.2
21STCENMGM,Financials - Misc,Small Cap,2025-11-13,44.16,-0.58,-0.28
21STCENMGM,Financials - Misc,Small Cap,2025-11-14,43.27,-0.73,-0.37
21STCENMGM,Financials - Misc,Small Cap,2025-11-14,43.27,-0.83,-0.46
21STCENMGM,Financials - Misc,Small Cap,2025-11-17,42.4,-0.97,-0.56
21STCENMGM,Financials - Misc,Small Cap,2025-11-17,42.4,-1.07,-0.66
21STCENMGM,Financials - Misc,Small Cap,2025-11-18,41.55,-1.21,-0.77
21STCENMGM,Financials - Misc,Small Cap,2025-11-18,41.55,-1.3,-0.88
21STCENMGM,Financials - Misc,Small Cap,2025-11-19,40.71,-1.42,-0.99
21STCENMGM,Financials - Misc,Small Cap,2025-11-19,40.71,-1.5,-1.09
21STCENMGM,Financials - Misc,Small Cap,2025-11-20,39.89,-1.62,-1.2
21STCENMGM,Financials - Misc,Small Cap,2025-11-20,39.89,-1.69,-1.29
21STCENMGM,Financials - Misc,Small Cap,2025-11-21,39.09,-1.78,-1.39
21STCENMGM,Financials - Misc,Small Cap,2025-11-21,39.09,-1.84,-1.48
21STCENMGM,Financials - Misc,Small Cap,2025-11-24,38.3,-1.93,-1.57
21STCENMGM,Financials - Misc,Small Cap,2025-11-24,38.3,-1.97,-1.65
21STCENMGM,Financials - Misc,Small Cap,2025-11-25,37.53,-2.05,-1.73
21STCENMGM,Financials - Misc,Small Cap,2025-11-25,37.53,-2.08,-1.8
21STCENMGM,Financials - Misc,Small Cap,2025-11-26,36.77,-2.15,-1.87
21STCENMGM,Financials - Misc,Small Cap,2025-11-26,36.77,-2.17,-1.93
21STCENMGM,Financials - Misc,Small Cap,2025-11-27,37.5,-2.11,-1.97
21STCENMGM,Financials - Misc,Small Cap,2025-11-27,37.5,-2.04,-1.98
21STCENMGM,Financials - Misc,Small Cap,2025-11-28,38.25,-1.9,-1.97
21STCENMGM,Financials - Misc,Small Cap,2025-11-28,38.25,-1.77,-1.93
21STCENMGM,Financials - Misc,Small Cap,2025-12-01,39.01,-1.58,-1.86
21STCENMGM,Financials - Misc,Small Cap,2025-12-01,39.01,-1.42,-1.77
21STCENMGM,Financials - Misc,Small Cap,2025-12-02,39.79,-1.22,-1.66
21STCENMGM,Financials - Misc,Small Cap,2025-12-02,39.79,-1.04,-1.54
21STCENMGM,Financials - Misc,Small Cap,2025-12-03,40.58,-0.83,-1.39
21STCENMGM,Financials - Misc,Small Cap,2025-12-03,40.58,-0.65,-1.25
21STCENMGM,Financials - Misc,Small Cap,2025-12-04,41.39,-0.44,-1.09
21STCENMGM,Financials - Misc,Small Cap,2025-12-04,41.39,-0.28,-0.92
21STCENMGM,Financials - Misc,Small Cap,2025-12-05,42.21,-0.07,-0.75
21STCENMGM,Financials - Misc,Small Cap,2025-12-05,42.21,0.08,-0.59
21STCENMGM,Financials - Misc,Small Cap,2025-12-08,43.05,0.27,-0.41
21STCENMGM,Financials - Misc,Small Cap,2025-12-08,43.05,0.42,-0.25
21STCENMGM,Financials - Misc,Small Cap,2025-12-09,43.74,0.58,-0.08
21STCENMGM,Financials - Misc,Small Cap,2025-12-09,42.79,0.63,0.06
21STCENMGM,Financials - Misc,Small Cap,2025-12-10,42.85,0.67,0.18
21STCENMGM,Financials - Misc,Small Cap,2025-12-10,43.61,0.75,0.3
21STCENMGM,Financials - Misc,Small Cap,2025-12-11,44.34,0.86,0.41
21STCENMGM,Financials - Misc,Small Cap,2025-12-11,44.08,0.91,0.51
21STCENMGM,Financials - Misc,Small Cap,2025-12-12,44.3,0.97,0.6
21STCENMGM,Financials - Misc,Small Cap,2025-12-12,44.9,1.04,0.69
21STCENMGM,Financials - Misc,Small Cap,2025-12-15,45.77,1.16,0.78
21STCENMGM,Financials - Misc,Small Cap,2025-12-15,45.77,1.24,0.88
21STCENMGM,Financials - Misc,Small Cap,2025-12-16,46.68,1.36,0.97
21STCENMGM,Financials - Misc,Small Cap,2025-12-16,46.68,1.44,1.07
21STCENMGM,Financials - Misc,Small Cap,2025-12-17,47.61,1.56,1.17
21STCENMGM,Financials - Misc,Small Cap,2025-12-17,47.6,1.64,1.26
21STCENMGM,Financials - Misc,Small Cap,2025-12-18,48.55,1.75,1.36
21STCENMGM,Financials - Misc,Small Cap,2025-12-18,48.55,1.82,1.45
21STCENMGM,Financials - Misc,Small Cap,2025-12-19,48.85,1.88,1.54
21STCENMGM,Financials - Misc,Small Cap,2025-12-19,48.74,1.9,1.61
360ONE,Financials - Misc,Mid Cap,2025-11-10,1071.3,0.0,0.0
360ONE,Financials - Misc,Mid Cap,2025-11-10,1075.7,0.35,0.07
360ONE,Financials - Misc,Mid Cap,2025-11-11,1068.3,0.03,0.06
360ONE,Financials - Misc,Mid Cap,2025-11-11,1083.5,0.99,0.25
360ONE,Financials - Misc,Mid Cap,2025-11-12,1089.1,2.18,0.64
360ONE,Financials - Misc,Mid Cap,2025-11-12,1087.0,2.92,1.09
360ONE,Financials - Misc,Mid Cap,2025-11-13,1094.0,4.03,1.68
360ONE,Financials - Misc,Mid Cap,2025-11-13,1085.6,4.18,2.18
360ONE,Financials - Misc,Mid Cap,2025-11-14,1065.4,2.63,2.27
360ONE,Financials - Misc,Mid Cap,2025-11-14,1064.9,1.36,2.09
360ONE,Financials - Misc,Mid Cap,2025-11-17,1070.0,0.75,1.82
360ONE,Financials - Misc,Mid Cap,2025-11-17,1071.8,0.4,1.54
360ONE,Financials - Misc,Mid Cap,2025-11-18,1071.9,0.14,1.26
360ONE,Financials - Misc,Mid Cap,2025-11-18,1076.2,0.27,1.06
360ONE,Financials - Misc,Mid Cap,2025-11-19,1106.2,2.77,1.4
360ONE,Financials - Misc,Mid Cap,2025-11-19,1119.4,5.74,2.27
360ONE,Financials - Misc,Mid Cap,2025-11-20,1137.7,9.47,3.71
360ONE,Financials - Misc,Mid Cap,2025-11-20,1143.0,12.7,5.51
360ONE,Financials - Misc,Mid Cap,2025-11-21,1132.3,14.24,7.25
360ONE,Financials - Misc,Mid Cap,2025-11-21,1144.0,16.21,9.05
360ONE,Financials - Misc,Mid Cap,2025-11-24,1150.3,18.08,10.85
360ONE,Financials - Misc,Mid Cap,2025-11-24,1129.8,17.7,12.22
360ONE,Financials - Misc,Mid Cap,2025-11-25,1124.0,16.73,13.12
360ONE,Financials - Misc,Mid Cap,2025-11-25,1120.0,15.47,13.59
360ONE,Financials - Misc,Mid Cap,2025-11-26,1146.3,16.4,14.15
360ONE,Financials - Misc,Mid Cap,2025-11-26,1147.0,17.0,14.72
360ONE,Financials - Misc,Mid Cap,2025-11-27,1152.5,17.71,15.32
360ONE,Financials - Misc,Mid Cap,2025-11-27,1165.0,19.07,16.07
360ONE,Financials - Misc,Mid Cap,2025-11-28,1174.9,20.7,17.0
360ONE,Financials - Misc,Mid Cap,2025-11-28,1179.5,22.11,18.02
360ONE,Financials - Misc,Mid Cap,2025-12-01,1195.6,24.25,19.27
360ONE,Financials - Misc,Mid Cap,2025-12-01,1190.0,25.2,20.45
360ONE,Financials - Misc,Mid Cap,2025-12-02,1164.7,23.64,21.09
360ONE,Financials - Misc,Mid Cap,2025-12-02,1162.0,21.94,21.26
360ONE,Financials - Misc,Mid Cap,2025-12-03,1164.6,20.56,21.12
360ONE,Financials - Misc,Mid Cap,2025-12-03,1151.0,18.16,20.53
360ONE,Financials - Misc,Mid Cap,2025-12-04,1131.8,14.54,19.33
360ONE,Financials - Misc,Mid Cap,2025-12-04,1124.7,10.97,17.66
360ONE,Financials - Misc,Mid Cap,2025-12-05,1148.0,9.91,16.11
360ONE,Financials - Misc,Mid Cap,2025-12-05,1146.7,8.86,14.66
360ONE,Financials - Misc,Mid Cap,2025-12-08,1134.5,6.97,13.12
360ONE,Financials - Misc,Mid Cap,2025-12-08,1126.8,4.79,11.45
360ONE,Financials - Misc,Mid Cap,2025-12-09,1124.4,2.83,9.73
360ONE,Financials - Misc,Mid Cap,2025-12-09,1117.4,0.71,7.93
360ONE,Financials - Misc,Mid Cap,2025-12-10,1101.2,-2.25,5.89
360ONE,Financials - Misc,Mid Cap,2025-12-10,1102.8,-4.42,3.83
360ONE,Financials - Misc,Mid Cap,2025-12-11,1135.8,-3.43,2.38
360ONE,Financials - Misc,Mid Cap,2025-12-11,1135.8,-2.62,1.38
360ONE,Financials - Misc,Mid Cap,2025-12-12,1141.8,-1.48,0.81
360ONE,Financials - Misc,Mid Cap,2025-12-12,1143.3,-0.44,0.56
360ONE,Financials - Misc,Mid Cap,2025-12-15,1136.0,-0.21,0.4
360ONE,Financials - Misc,Mid Cap,2025-12-15,1144.7,0.66,0.45
360ONE,Financials - Misc,Mid Cap,2025-12-16,1136.3,0.67,0.5
360ONE,Financials - Misc,Mid Cap,2025-12-16,1127.0,-0.07,0.39
360ONE,Financials - Misc,Mid Cap,2025-12-17,1129.3,-0.46,0.22
360ONE,Financials - Misc,Mid Cap,2025-12-17,1126.1,-1.02,-0.03
360ONE,Financials - Misc,Mid Cap,2025-12-18,1141.6,-0.22,-0.07
360ONE,Financials - Misc,Mid Cap,2025-12-18,1139.9,0.28,0.0
360ONE,Financials - Misc,Mid Cap,2025-12-19,1130.6,-0.07,-0.01
360ONE,Financials - Misc,Mid Cap,2025-12-19,1131.9,-0.24,-0.06
3MINDIA,Others,Mid Cap,2025-11-10,36010.0,0.0,0.0
3MINDIA,Others,Mid Cap,2025-11-10,36025.0,1.2,0.24
3MINDIA,Others,Mid Cap,2025-11-11,35625.0,-29.79,-5.77
3MINDIA,Others,Mid Cap,2025-11-11,35605.0,-55.32,-15.68
3MINDIA,Others,Mid Cap,2025-11-12,36035.0,-40.39,-20.62
3MINDIA,Others,Mid Cap,2025-11-12,36015.0,-29.83,-22.46
3MINDIA,Others,Mid Cap,2025-11-13,36140.0,-11.24,-20.22
3MINDIA,Others,Mid Cap,2025-11-13,36075.0,-1.74,-16.52
3MINDIA,Others,Mid Cap,2025-11-14,36010.0,0.54,-13.11
3MINDIA,Others,Mid Cap,2025-11-14,35910.0,-5.65,-11.62
3MINDIA,Others,Mid Cap,2025-11-17,36170.0,10.3,-7.24
3MINDIA,Others,Mid Cap,2025-11-17,36150.0,21.08,-1.57
3MINDIA,Others,Mid Cap,2025-11-18,36010.0,18.12,2.37
3MINDIA,Others,Mid Cap,2025-11-18,36090.0,21.98,6.29
3MINDIA,Others,Mid Cap,2025-11-19,35815.0,2.81,5.59
3MINDIA,Others,Mid Cap,2025-11-19,35970.0,0.13,4.5
3MINDIA,Others,Mid Cap,2025-11-20,35660.0,-26.71,-1.74
3MINDIA,Others,Mid Cap,2025-11-20,35685.0,-45.43,-10.48
3MINDIA,Others,Mid Cap,2025-11-21,35285.0,-91.49,-26.68
3MINDIA,Others,Mid Cap,2025-11-21,35455.0,-112.98,-43.94
3MINDIA,Others,Mid Cap,2025-11-24,35600.0,-116.95,-58.54
3MINDIA,Others,Mid Cap,2025-11-24,35450.0,-130.7,-72.97
3MINDIA,Others,Mid Cap,2025-11-25,35145.0,-164.32,-91.24
3MINDIA,Others,Mid Cap,2025-11-25,35290.0,-177.21,-108.44
3MINDIA,Others,Mid Cap,2025-11-26,35405.0,-176.12,-121.97
3MINDIA,Others,Mid Cap,2025-11-26,35520.0,-164.09,-130.4
3MINDIA,Others,Mid Cap,2025-11-27,34955.0,-197.86,-143.89
3MINDIA,Others,Mid Cap,2025-11-27,35030.0,-216.08,-158.33
3MINDIA,Others,Mid Cap,2025-11-28,34950.0,-234.28,-173.52
3MINDIA,Others,Mid Cap,2025-11-28,34840.0,-254.64,-189.74
3MINDIA,Others,Mid Cap,2025-12-01,34845.0,-267.29,-205.25
3MINDIA,Others,Mid Cap,2025-12-01,34815.0,-276.55,-219.51
3MINDIA,Others,Mid Cap,2025-12-02,34650.0,-293.82,-234.37
3MINDIA,Others,Mid Cap,2025-12-02,34750.0,-296.02,-246.7
3MINDIA,Others,Mid Cap,2025-12-03,34700.0,-298.36,-257.03
3MINDIA,Others,Mid Cap,2025-12-03,34785.0,-290.01,-263.63
3MINDIA,Others,Mid Cap,2025-12-04,34730.0,-284.55,-267.81
3MINDIA,Others,Mid Cap,2025-12-04,34750.0,-275.44,-269.34
3MINDIA,Others,Mid Cap,2025-12-05,34310.0,-300.26,-275.52
3MINDIA,Others,Mid Cap,2025-12-05,34040.0,-337.82,-287.98
3MINDIA,Others,Mid Cap,2025-12-08,34680.0,-312.35,-292.85
3MINDIA,Others,Mid Cap,2025-12-08,34860.0,-274.47,-289.18
3MINDIA,Others,Mid Cap,2025-12-09,34450.0,-274.37,-286.22
3MINDIA,Others,Mid Cap,2025-12-09,34505.0,-266.78,-282.33
3MINDIA,Others,Mid Cap,2025-12-10,34305.0,-273.75,-280.61
3MINDIA,Others,Mid Cap,2025-12-10,34585.0,-253.75,-275.24
3MINDIA,Others,Mid Cap,2025-12-11,34365.0,-252.74,-270.74
3MINDIA,Others,Mid Cap,2025-12-11,34480.0,-239.9,-264.57
3MINDIA,Others,Mid Cap,2025-12-12,35250.0,-165.68,-244.79
3MINDIA,Others,Mid Cap,2025-12-12,35465.0,-88.49,-213.53
3MINDIA,Others,Mid Cap,2025-12-15,35610.0,-15.43,-173.91
3MINDIA,Others,Mid Cap,2025-12-15,35565.0,38.39,-131.45
3MINDIA,Others,Mid Cap,2025-12-16,35495.0,74.53,-90.26
3MINDIA,Others,Mid Cap,2025-12-16,35370.0,92.03,-53.8
3MINDIA,Others,Mid Cap,2025-12-17,35305.0,99.51,-23.14
3MINDIA,Others,Mid Cap,2025-12-17,35130.0,90.27,-0.46
3MINDIA,Others,Mid Cap,2025-12-18,35005.0,72.03,14.04
3MINDIA,Others,Mid Cap,2025-12-18,35180.0,70.88,25.41
3MINDIA,Others,Mid Cap,2025-12-19,35070.0,60.4,32.41
3MINDIA,Others,Mid Cap,2025-12-19,34875.0,35.94,33.11
3PLAND,Financials - Misc,Small Cap,2025-11-10,41.4,0.0,0.0
3PLAND,Financials - Misc,Small Cap,2025-11-10,41.24,-0.01,-0.0
3PLAND,Financials - Misc,Small Cap,2025-11-11,40.92,-0.05,-0.01
3PLAND,Financials - Misc,Small Cap,2025-11-11,40.09,-0.14,-0.04
3PLAND,Financials - Misc,Small Cap,2025-11-12,41.49,-0.1,-0.05
3PLAND,Financials - Misc,Small Cap,2025-11-12,40.72,-0.13,-0.07
3PLAND,Financials - Misc,Small Cap,2025-11-13,41.0,-0.13,-0.08
3PLAND,Financials - Misc,Small Cap,2025-11-13,40.38,-0.18,-0.1
3PLAND,Financials - Misc,Small Cap,2025-11-14,40.97,-0.16,-0.11
3PLAND,Financials - Misc,Small Cap,2025-11-14,40.65,-0.18,-0.12
3PLAND,Financials - Misc,Small Cap,2025-11-17,39.95,-0.24,-0.15
3PLAND,Financials - Misc,Small Cap,2025-11-17,39.76,-0.31,-0.18
3PLAND,Financials - Misc,Small Cap,2025-11-18,39.25,-0.39,-0.22
3PLAND,Financials - Misc,Small Cap,2025-11-18,38.89,-0.48,-0.27
3PLAND,Financials - Misc,Small Cap,2025-11-19,39.79,-0.48,-0.32
3PLAND,Financials - Misc,Small Cap,2025-11-19,39.66,-0.48,-0.35
3PLAND,Financials - Misc,Small Cap,2025-11-20,39.15,-0.52,-0.38
3PLAND,Financials - Misc,Small Cap,2025-11-20,39.4,-0.52,-0.41
3PLAND,Financials - Misc,Small Cap,2025-11-21,39.85,-0.48,-0.42
3PLAND,Financials - Misc,Small Cap,2025-11-21,39.51,-0.47,-0.43
3PLAND,Financials - Misc,Small Cap,2025-11-24,39.44,-0.46,-0.44
3PLAND,Financials - Misc,Small Cap,2025-11-24,39.89,-0.41,-0.43
3PLAND,Financials - Misc,Small Cap,2025-11-25,40.59,-0.32,-0.41
3PLAND,Financials - Misc,Small Cap,2025-11-25,40.01,-0.28,-0.39
3PLAND,Financials - Misc,Small Cap,2025-11-26,40.09,-0.25,-0.36
3PLAND,Financials - Misc,Small Cap,2025-11-26,39.49,-0.26,-0.34
3PLAND,Financials - Misc,Small Cap,2025-11-27,39.2,-0.3,-0.33
3PLAND,Financials - Misc,Small Cap,2025-11-27,39.54,-0.29,-0.32
3PLAND,Financials - Misc,Small Cap,2025-11-28,39.5,-0.29,-0.32
3PLAND,Financials - Misc,Small Cap,2025-11-28,40.07,-0.24,-0.3
3PLAND,Financials - Misc,Small Cap,2025-12-01,40.4,-0.17,-0.27
3PLAND,Financials - Misc,Small Cap,2025-12-01,39.97,-0.15,-0.25
3PLAND,Financials - Misc,Small Cap,2025-12-02,38.4,-0.25,-0.25
3PLAND,Financials - Misc,Small Cap,2025-12-02,38.86,-0.3,-0.26
3PLAND,Financials - Misc,Small Cap,2025-12-03,39.4,-0.28,-0.26
3PLAND,Financials - Misc,Small Cap,2025-12-03,39.23,-0.29,-0.27
3PLAND,Financials - Misc,Small Cap,2025-12-04,39.4,-0.27,-0.27
3PLAND,Financials - Misc,Small Cap,2025-12-04,39.24,-0.27,-0.27
3PLAND,Financials - Misc,Small Cap,2025-12-05,39.2,-0.26,-0.27
3PLAND,Financials - Misc,Small Cap,2025-12-05,39.1,-0.27,-0.27
3PLAND,Financials - Misc,Small Cap,2025-12-08,39.09,-0.27,-0.27
3PLAND,Financials - Misc,Small Cap,2025-12-08,38.33,-0.33,-0.28
3PLAND,Financials - Misc,Small Cap,2025-12-09,38.69,-0.34,-0.29
3PLAND,Financials - Misc,Small Cap,2025-12-09,37.66,-0.43,-0.32
3PLAND,Financials - Misc,Small Cap,2025-12-10,38.99,-0.38,-0.33
3PLAND,Financials - Misc,Small Cap,2025-12-10,38.48,-0.39,-0.34
3PLAND,Financials - Misc,Small Cap,2025-12-11,37.6,-0.46,-0.37
3PLAND,Financials - Misc,Small Cap,2025-12-11,37.38,-0.52,-0.4
3PLAND,Financials - Misc,Small Cap,2025-12-12,37.7,-0.54,-0.43
3PLAND,Financials - Misc,Small Cap,2025-12-12,37.68,-0.55,-0.45
3PLAND,Financials - Misc,Small Cap,2025-12-15,37.49,-0.57,-0.48
3PLAND,Financials - Misc,Small Cap,2025-12-15,36.91,-0.63,-0.51
3PLAND,Financials - Misc,Small Cap,2025-12-16,38.7,-0.52,-0.51
3PLAND,Financials - Misc,Small Cap,2025-12-16,37.47,-0.53,-0.51
3PLAND,Financials - Misc,Small Cap,2025-12-17,38.5,-0.44,-0.5
3PLAND,Financials - Misc,Small Cap,2025-12-17,38.69,-0.36,-0.47
3PLAND,Financials - Misc,Small Cap,2025-12-18,37.19,-0.41,-0.46
3PLAND,Financials - Misc,Small Cap,2025-12-18,37.57,-0.41,-0.45
3PLAND,Financials - Misc,Small Cap,2025-12-19,37.99,-0.38,-0.43
3PLAND,Financials - Misc,Small Cap,2025-12-19,38.13,-0.33,-0.41
5PAISA,Financials - Broking,Small Cap,2025-11-10,295.4,0.0,0.0
5PAISA,Financials - Broking,Small Cap,2025-11-10,294.4,-0.08,-0.02
5PAISA,Financials - Broking,Small Cap,2025-11-11,291.4,-0.38,-0.09
5PAISA,Financials - Broking,Small Cap,2025-11-11,290.0,-0.72,-0.22
5PAISA,Financials - Broking,Small Cap,2025-11-12,291.25,-0.88,-0.35
5PAISA,Financials - Broking,Small Cap,2025-11-12,290.0,-1.1,-0.5
5PAISA,Financials - Broking,Small Cap,2025-11-13,289.6,-1.29,-0.66
5PAISA,Financials - Broking,Small Cap,2025-11-13,290.0,-1.39,-0.8
5PAISA,Financials - Broking,Small Cap,2025-11-14,289.25,-1.51,-0.95
5PAISA,Financials - Broking,Small Cap,2025-11-14,290.0,-1.53,-1.06
5PAISA,Financials - Broking,Small Cap,2025-11-17,294.5,-1.17,-1.08
5PAISA,Financials - Broking,Small Cap,2025-11-17,317.0,0.92,-0.68
5PAISA,Financials - Broking,Small Cap,2025-11-18,355.0,5.58,0.57
5PAISA,Financials - Broking,Small Cap,2025-11-18,344.0,8.29,2.11
5PAISA,Financials - Broking,Small Cap,2025-11-19,334.6,9.57,3.6
5PAISA,Financials - Broking,Small Cap,2025-11-19,330.15,10.11,4.9
5PAISA,Financials - Broking,Small Cap,2025-11-20,342.45,11.39,6.2
5PAISA,Financials - Broking,Small Cap,2025-11-20,356.25,13.37,7.64
5PAISA,Financials - Broking,Small Cap,2025-11-21,347.0,14.03,8.92
5PAISA,Financials - Broking,Small Cap,2025-11-21,342.9,14.06,9.94
5PAISA,Financials - Broking,Small Cap,2025-11-24,335.9,13.37,10.63
5PAISA,Financials - Broking,Small Cap,2025-11-24,335.25,12.62,11.03
5PAISA,Financials - Broking,Small Cap,2025-11-25,332.25,11.65,11.15
5PAISA,Financials - Broking,Small Cap,2025-11-25,333.55,10.86,11.09
5PAISA,Financials - Broking,Small Cap,2025-11-26,343.0,10.87,11.05
5PAISA,Financials - Broking,Small Cap,2025-11-26,343.85,10.83,11.01
5PAISA,Financials - Broking,Small Cap,2025-11-27,341.6,10.49,10.9
5PAISA,Financials - Broking,Small Cap,2025-11-27,340.8,10.04,10.73
5PAISA,Financials - Broking,Small Cap,2025-11-28,334.55,9.07,10.4
5PAISA,Financials - Broking,Small Cap,2025-11-28,334.95,8.25,9.97
5PAISA,Financials - Broking,Small Cap,2025-12-01,331.7,7.24,9.42
5PAISA,Financials - Broking,Small Cap,2025-12-01,329.6,6.21,8.78
5PAISA,Financials - Broking,Small Cap,2025-12-02,338.35,6.03,8.23
5PAISA,Financials - Broking,Small Cap,2025-12-02,335.75,5.61,7.71
5PAISA,Financials - Broking,Small Cap,2025-12-03,318.6,3.85,6.93
5PAISA,Financials - Broking,Small Cap,2025-12-03,318.7,2.43,6.03
5PAISA,Financials - Broking,Small Cap,2025-12-04,318.55,1.28,5.08
5PAISA,Financials - Broking,Small Cap,2025-12-04,317.15,0.26,4.12
5PAISA,Financials - Broking,Small Cap,2025-12-05,310.55,-1.08,3.08
5PAISA,Financials - Broking,Small Cap,2025-12-05,319.0,-1.44,2.18
5PAISA,Financials - Broking,Small Cap,2025-12-08,301.0,-3.14,1.11
5PAISA,Financials - Broking,Small Cap,2025-12-08,302.35,-4.33,0.03
5PAISA,Financials - Broking,Small Cap,2025-12-09,302.85,-5.17,-1.01
5PAISA,Financials - Broking,Small Cap,2025-12-09,304.5,-5.64,-1.94
5PAISA,Financials - Broking,Small Cap,2025-12-10,305.1,-5.89,-2.73
5PAISA,Financials - Broking,Small Cap,2025-12-10,303.15,-6.18,-3.42
5PAISA,Financials - Broking,Small Cap,2025-12-11,306.05,-6.11,-3.96
5PAISA,Financials - Broking,Small Cap,2025-12-11,307.5,-5.86,-4.34
5PAISA,Financials - Broking,Small Cap,2025-12-12,308.15,-5.55,-4.58
5PAISA,Financials - Broking,Small Cap,2025-12-12,307.95,-5.26,-4.72
5PAISA,Financials - Broking,Small Cap,2025-12-15,313.25,-4.55,-4.68
5PAISA,Financials - Broking,Small Cap,2025-12-15,317.05,-3.64,-4.47
5PAISA,Financials - Broking,Small Cap,2025-12-16,311.55,-3.32,-4.24
5PAISA,Financials - Broking,Small Cap,2025-12-16,309.4,-3.21,-4.04
5PAISA,Financials - Broking,Small Cap,2025-12-17,307.5,-3.23,-3.88
5PAISA,Financials - Broking,Small Cap,2025-12-17,307.1,-3.25,-3.75
5PAISA,Financials - Broking,Small Cap,2025-12-18,304.7,-3.41,-3.68
5PAISA,Financials - Broking,Small Cap,2025-12-18,308.25,-3.22,-3.59
5PAISA,Financials - Broking,Small Cap,2025-12-19,307.65,-3.08,-3.49
5PAISA,Financials - Broking,Small Cap,2025-12-19,310.8,-2.69,-3.33
63MOONS,IT - Software/Consulting,Small Cap,2025-11-10,733.45,0.0,0.0
63MOONS,IT - Software/Consulting,Small Cap,2025-11-10,731.6,-0.15,-0.03
63MOONS,IT - Software/Consulting,Small Cap,2025-11-11,713.0,-1.75,-0.37
63MOONS,IT - Software/Consulting,Small Cap,2025-11-11,719.3,-2.47,-0.79
63MOONS,IT - Software/Consulting,Small Cap,2025-11-12,763.95,0.54,-0.53
63MOONS,IT - Software/Consulting,Small Cap,2025-11-12,757.8,2.41,0.06
63MOONS,IT - Software/Consulting,Small Cap,2025-11-13,743.05,2.67,0.58
63MOONS,IT - Software/Consulting,Small Cap,2025-11-13,742.8,2.82,1.03
63MOONS,IT - Software/Consulting,Small Cap,2025-11-14,747.05,3.25,1.48
63MOONS,IT - Software/Consulting,Small Cap,2025-11-14,742.85,3.21,1.82
63MOONS,IT - Software/Consulting,Small Cap,2025-11-17,732.55,2.33,1.92
63MOONS,IT - Software/Consulting,Small Cap,2025-11-17,732.1,1.57,1.85
63MOONS,IT - Software/Consulting,Small Cap,2025-11-18,752.75,2.6,2.0
63MOONS,IT - Software/Consulting,Small Cap,2025-11-18,742.75,2.59,2.12
63MOONS,IT - Software/Consulting,Small Cap,2025-11-19,734.0,1.85,2.07
63MOONS,IT - Software/Consulting,Small Cap,2025-11-19,720.05,0.13,1.68
63MOONS,IT - Software/Consulting,Small Cap,2025-11-20,750.05,1.18,1.58
63MOONS,IT - Software/Consulting,Small Cap,2025-11-20,756.25,2.49,1.76
63MOONS,IT - Software/Consulting,Small Cap,2025-11-21,746.1,2.67,1.94
63MOONS,IT - Software/Consulting,Small Cap,2025-11-21,736.1,1.98,1.95
63MOONS,IT - Software/Consulting,Small Cap,2025-11-24,716.5,-0.14,1.53
63MOONS,IT - Software/Consulting,Small Cap,2025-11-24,712.85,-2.09,0.81
63MOONS,IT - Software/Consulting,Small Cap,2025-11-25,730.0,-2.23,0.2
63MOONS,IT - Software/Consulting,Small Cap,2025-11-25,721.2,-3.01,-0.44
63MOONS,IT - Software/Consulting,Small Cap,2025-11-26,737.35,-2.31,-0.82
63MOONS,IT - Software/Consulting,Small Cap,2025-11-26,759.25,0.02,-0.65
63MOONS,IT - Software/Consulting,Small Cap,2025-11-27,773.5,2.98,0.08
63MOONS,IT - Software/Consulting,Small Cap,2025-11-27,783.85,6.09,1.28
63MOONS,IT - Software/Consulting,Small Cap,2025-11-28,895.2,17.34,4.49
63MOONS,IT - Software/Consulting,Small Cap,2025-11-28,899.0,26.26,8.85
63MOONS,IT - Software/Consulting,Small Cap,2025-12-01,858.0,29.68,13.01
63MOONS,IT - Software/Consulting,Small Cap,2025-12-01,869.0,32.9,16.99
63MOONS,IT - Software/Consulting,Small Cap,2025-12-02,845.0,33.13,20.22
63MOONS,IT - Software/Consulting,Small Cap,2025-12-02,853.15,33.59,22.89
63MOONS,IT - Software/Consulting,Small Cap,2025-12-03,848.0,33.15,24.94
63MOONS,IT - Software/Consulting,Small Cap,2025-12-03,842.15,31.96,26.35
63MOONS,IT - Software/Consulting,Small Cap,2025-12-04,832.2,29.87,27.05
63MOONS,IT - Software/Consulting,Small Cap,2025-12-04,819.0,26.84,27.01
63MOONS,IT - Software/Consulting,Small Cap,2025-12-05,812.0,23.6,26.33
63MOONS,IT - Software/Consulting,Small Cap,2025-12-05,805.9,20.31,25.13
63MOONS,IT - Software/Consulting,Small Cap,2025-12-08,776.5,15.16,23.13
63MOONS,IT - Software/Consulting,Small Cap,2025-12-08,765.95,10.1,20.53
63MOONS,IT - Software/Consulting,Small Cap,2025-12-09,772.05,6.51,17.72
63MOONS,IT - Software/Consulting,Small Cap,2025-12-09,774.3,3.81,14.94
63MOONS,IT - Software/Consulting,Small Cap,2025-12-10,769.4,1.25,12.2
63MOONS,IT - Software/Consulting,Small Cap,2025-12-10,765.35,-1.09,9.54
63MOONS,IT - Software/Consulting,Small Cap,2025-12-11,763.4,-3.06,7.02
63MOONS,IT - Software/Consulting,Small Cap,2025-12-11,763.2,-4.59,4.7
63MOONS,IT - Software/Consulting,Small Cap,2025-12-12,768.7,-5.3,2.7
63MOONS,IT - Software/Consulting,Small Cap,2025-12-12,761.0,-6.4,0.88
63MOONS,IT - Software/Consulting,Small Cap,2025-12-15,756.95,-7.52,-0.8
63MOONS,IT - Software/Consulting,Small Cap,2025-12-15,768.65,-7.38,-2.12
63MOONS,IT - Software/Consulting,Small Cap,2025-12-16,762.2,-7.7,-3.23
63MOONS,IT - Software/Consulting,Small Cap,2025-12-16,758.9,-8.12,-4.21
63MOONS,IT - Software/Consulting,Small Cap,2025-12-17,750.1,-9.06,-5.18
63MOONS,IT - Software/Consulting,Small Cap,2025-12-17,739.9,-10.51,-6.25
63MOONS,IT - Software/Consulting,Small Cap,2025-12-18,733.25,-12.06,-7.41
63MOONS,IT - Software/Consulting,Small Cap,2025-12-18,730.65,-13.34,-8.6
63MOONS,IT - Software/Consulting,Small Cap,2025-12-19,735.35,-13.82,-9.64
63MOONS,IT - Software/Consulting,Small Cap,2025-12-19,752.0,-12.7,-10.25
AAATECH,Others,Small Cap,2025-11-10,89.9,0.0,0.0
AAATECH,Others,Small Cap,2025-11-10,90.63,0.06,0.01
AAATECH,Others,Small Cap,2025-11-11,89.9,0.04,0.02
AAATECH,Others,Small Cap,2025-11-11,88.03,-0.12,-0.01
AAATECH,Others,Small Cap,2025-11-12,88.5,-0.2,-0.05
AAATECH,Others,Small Cap,2025-11-12,88.32,-0.28,-0.09
AAATECH,Others,Small Cap,2025-11-13,89.9,-0.22,-0.12
AAATECH,Others,Small Cap,2025-11-13,89.77,-0.17,-0.13
AAATECH,Others,Small Cap,2025-11-14,88.15,-0.26,-0.16
AAATECH,Others,Small Cap,2025-11-14,89.44,-0.23,-0.17
AAATECH,Others,Small Cap,2025-11-17,90.55,-0.11,-0.16
AAATECH,Others,Small Cap,2025-11-17,90.83,0.0,-0.13
AAATECH,Others,Small Cap,2025-11-18,91.55,0.15,-0.07
AAATECH,Others,Small Cap,2025-11-18,92.85,0.37,0.02
AAATECH,Others,Small Cap,2025-11-19,91.9,0.46,0.11
AAATECH,Others,Small Cap,2025-11-19,91.5,0.49,0.18
AAATECH,Others,Small Cap,2025-11-20,90.5,0.43,0.23
AAATECH,Others,Small Cap,2025-11-20,90.29,0.37,0.26
AAATECH,Others,Small Cap,2025-11-21,90.39,0.32,0.27
AAATECH,Others,Small Cap,2025-11-21,89.21,0.18,0.25
AAATECH,Others,Small Cap,2025-11-24,87.12,-0.09,0.18
AAATECH,Others,Small Cap,2025-11-24,89.25,-0.14,0.12
AAATECH,Others,Small Cap,2025-11-25,88.2,-0.26,0.04
AAATECH,Others,Small Cap,2025-11-25,89.6,-0.23,-0.01
AAATECH,Others,Small Cap,2025-11-26,90.0,-0.18,-0.05
AAATECH,Others,Small Cap,2025-11-26,89.52,-0.18,-0.07
AAATECH,Others,Small Cap,2025-11-27,90.0,-0.13,-0.08
AAATECH,Others,Small Cap,2025-11-27,90.07,-0.09,-0.09
AAATECH,Others,Small Cap,2025-11-28,90.5,-0.02,-0.07
AAATECH,Others,Small Cap,2025-11-28,91.0,0.07,-0.04
AAATECH,Others,Small Cap,2025-12-01,91.5,0.18,0.0
AAATECH,Others,Small Cap,2025-12-01,93.03,0.39,0.08
AAATECH,Others,Small Cap,2025-12-02,91.7,0.44,0.15
AAATECH,Others,Small Cap,2025-12-02,91.86,0.49,0.22
AAATECH,Others,Small Cap,2025-12-03,91.5,0.49,0.27
AAATECH,Others,Small Cap,2025-12-03,90.68,0.43,0.3
AAATECH,Others,Small Cap,2025-12-04,95.21,0.73,0.39
AAATECH,Others,Small Cap,2025-12-04,95.21,0.96,0.5
AAATECH,Others,Small Cap,2025-12-05,94.1,1.04,0.61
AAATECH,Others,Small Cap,2025-12-05,96.83,1.31,0.75
AAATECH,Others,Small Cap,2025-12-08,97.05,1.52,0.9
AAATECH,Others,Small Cap,2025-12-08,97.78,1.73,1.07
AAATECH,Others,Small Cap,2025-12-09,96.8,1.79,1.21
AAATECH,Others,Small Cap,2025-12-09,96.98,1.84,1.34
AAATECH,Others,Small Cap,2025-12-10,97.5,1.89,1.45
AAATECH,Others,Small Cap,2025-12-10,95.26,1.74,1.51
AAATECH,Others,Small Cap,2025-12-11,97.4,1.77,1.56
AAATECH,Others,Small Cap,2025-12-11,96.96,1.73,1.59
AAATECH,Others,Small Cap,2025-12-12,98.0,1.77,1.63
AAATECH,Others,Small Cap,2025-12-12,98.2,1.8,1.66
AAATECH,Others,Small Cap,2025-12-15,99.0,1.86,1.7
AAATECH,Others,Small Cap,2025-12-15,99.31,1.91,1.74
AAATECH,Others,Small Cap,2025-12-16,99.5,1.95,1.78
AAATECH,Others,Small Cap,2025-12-16,100.43,2.03,1.83
AAATECH,Others,Small Cap,2025-12-17,102.44,2.22,1.91
AAATECH,Others,Small Cap,2025-12-17,99.06,2.09,1.95
AAATECH,Others,Small Cap,2025-12-18,100.7,2.08,1.97
AAATECH,Others,Small Cap,2025-12-18,99.88,1.99,1.98
AAATECH,Others,Small Cap,2025-12-19,99.1,1.84,1.95
AAATECH,Others,Small Cap,2025-12-19,99.59,1.73,1.91
AAREYDRUGS,Healthcare - Pharma,Small Cap,2025-11-10,95.31,0.0,0.0
AAREYDRUGS,Healthcare - Pharma,Small Cap,2025-11-10,98.99,0.29,0.06
AAREYDRUGS,Healthcare - Pharma,Small Cap,2025-11-11,97.1,0.37,0.12
AAREYDRUGS,Healthcare - Pharma,Small Cap,2025-11-11,97.1,0.42,0.18
AAREYDRUGS,Healthcare - Pharma,Small Cap,2025-11-12,96.9,0.45,0.23
AAREYDRUGS,Healthcare - Pharma,Small Cap,2025-11-12,96.9,0.46,0.28
AAREYDRUGS,Healthcare - Pharma,Small Cap,2025-11-13,94.96,0.31,0.29
AAREYDRUGS,Healthcare - Pharma,Small Cap,2025-11-13,96.9,0.34,0.3
AAREYDRUGS,Healthcare - Pharma,Small Cap,2025-11-14,94.96,0.21,0.28
AAREYDRUGS,Healthcare - Pharma,Small Cap,2025-11-14,96.0,0.19,0.26
AAREYDRUGS,Healthcare - Pharma,Small Cap,2025-11-17,94.08,0.01,0.21
AAREYDRUGS,Healthcare - Pharma,Small Cap,2025-11-17,97.0,0.11,0.19
AAREYDRUGS,Healthcare - Pharma,Small Cap,2025-11-18,95.06,0.03,0.16
AAREYDRUGS,Healthcare - Pharma,Small Cap,2025-11-18,95.06,-0.03,0.12
AAREYDRUGS,Healthcare - Pharma,Small Cap,2025-11-19,93.15,-0.23,0.05
AAREYDRUGS,Healthcare - Pharma,Small Cap,2025-11-19,96.5,-0.12,0.02
AAREYDRUGS,Healthcare - Pharma,Small Cap,2025-11-20,94.57,-0.19,-0.02
AAREYDRUGS,Healthcare - Pharma,Small Cap,2025-11-20,94.57,-0.23,-0.07
AAREYDRUGS,Healthcare - Pharma,Small Cap,2025-11-21,92.68,-0.42,-0.14
AAREYDRUGS,Healthcare - Pharma,Small Cap,2025-11-21,92.67,-0.56,-0.22
AAREYDRUGS,Healthcare - Pharma,Small Cap,2025-11-24,88.03,-1.04,-0.39
AAREYDRUGS,Healthcare - Pharma,Small Cap,2025-11-24,89.56,-1.28,-0.56
AAREYDRUGS,Healthcare - Pharma,Small Cap,2025-11-25,87.5,-1.61,-0.77
AAREYDRUGS,Healthcare - Pharma,Small Cap,2025-11-25,90.9,-1.59,-0.94
AAREYDRUGS,Healthcare - Pharma,Small Cap,2025-11-26,90.4,-1.59,-1.07
AAREYDRUGS,Healthcare - Pharma,Small Cap,2025-11-26,88.7,-1.71,-1.19
AAREYDRUGS,Healthcare - Pharma,Small Cap,2025-11-27,86.1,-1.99,-1.35
AAREYDRUGS,Healthcare - Pharma,Small Cap,2025-11-27,88.19,-2.02,-1.49
AAREYDRUGS,Healthcare - Pharma,Small Cap,2025-11-28,84.3,-2.33,-1.65
AAREYDRUGS,Healthcare - Pharma,Small Cap,2025-11-28,87.85,-2.26,-1.78
AAREYDRUGS,Healthcare - Pharma,Small Cap,2025-12-01,84.5,-2.45,-1.91
AAREYDRUGS,Healthcare - Pharma,Small Cap,2025-12-01,85.73,-2.48,-2.02
AAREYDRUGS,Healthcare - Pharma,Small Cap,2025-12-02,81.44,-2.81,-2.18
AAREYDRUGS,Healthcare - Pharma,Small Cap,2025-12-02,81.44,-3.04,-2.35
AAREYDRUGS,Healthcare - Pharma,Small Cap,2025-12-03,77.36,-3.51,-2.58
AAREYDRUGS,Healthcare - Pharma,Small Cap,2025-12-03,77.36,-3.83,-2.83
AAREYDRUGS,Healthcare - Pharma,Small Cap,2025-12-04,73.49,-4.36,-3.14
AAREYDRUGS,Healthcare - Pharma,Small Cap,2025-12-04,78.57,-4.31,-3.37
AAREYDRUGS,Healthcare - Pharma,Small Cap,2025-12-05,75.76,-4.45,-3.59
AAREYDRUGS,Healthcare - Pharma,Small Cap,2025-12-05,75.62,-4.52,-3.77
AAREYDRUGS,Healthcare - Pharma,Small Cap,2025-12-08,71.83,-4.82,-3.98
AAREYDRUGS,Healthcare - Pharma,Small Cap,2025-12-08,71.83,-5.01,-4.19
AAREYDRUGS,Healthcare - Pharma,Small Cap,2025-12-09,68.24,-5.38,-4.43
AAREYDRUGS,Healthcare - Pharma,Small Cap,2025-12-09,68.24,-5.61,-4.66
AAREYDRUGS,Healthcare - Pharma,Small Cap,2025-12-10,66.65,-5.86,-4.9
AAREYDRUGS,Healthcare - Pharma,Small Cap,2025-12-10,65.28,-6.09,-5.14
AAREYDRUGS,Healthcare - Pharma,Small Cap,2025-12-11,63.1,-6.38,-5.39
AAREYDRUGS,Healthcare - Pharma,Small Cap,2025-12-11,67.07,-6.21,-5.55
AAREYDRUGS,Healthcare - Pharma,Small Cap,2025-12-12,65.98,-6.1,-5.66
AAREYDRUGS,Healthcare - Pharma,Small Cap,2025-12-12,67.17,-5.85,-5.7
AAREYDRUGS,Healthcare - Pharma,Small Cap,2025-12-15,63.98,-5.84,-5.73
AAREYDRUGS,Healthcare - Pharma,Small Cap,2025-12-15,65.34,-5.66,-5.71
AAREYDRUGS,Healthcare - Pharma,Small Cap,2025-12-16,64.49,-5.52,-5.67
AAREYDRUGS,Healthcare - Pharma,Small Cap,2025-12-16,67.66,-5.09,-5.56
AAREYDRUGS,Healthcare - Pharma,Small Cap,2025-12-17,66.07,-4.83,-5.41
AAREYDRUGS,Healthcare - Pharma,Small Cap,2025-12-17,68.05,-4.41,-5.21
AAREYDRUGS,Healthcare - Pharma,Small Cap,2025-12-18,66.68,-4.14,-5.0
AAREYDRUGS,Healthcare - Pharma,Small Cap,2025-12-18,66.34,-3.9,-4.78
AAREYDRUGS,Healthcare - Pharma,Small Cap,2025-12-19,65.91,-3.71,-4.56
AAREYDRUGS,Healthcare - Pharma,Small Cap,2025-12-19,68.51,-3.31,-4.31
AARON,Engineering,Small Cap,2025-11-10,205.3,0.0,0.0
AARON,Engineering,Small Cap,2025-11-10,205.01,-0.02,-0.0
AARON,Engineering,Small Cap,2025-11-11,205.66,0.01,-0.0
AARON,Engineering,Small Cap,2025-11-11,205.24,0.0,-0.0
AARON,Engineering,Small Cap,2025-11-12,197.98,-0.58,-0.12
AARON,Engineering,Small Cap,2025-11-12,198.47,-0.99,-0.29
AARON,Engineering,Small Cap,2025-11-13,198.5,-1.3,-0.49
AARON,Engineering,Small Cap,2025-11-13,198.2,-1.55,-0.71
AARON,Engineering,Small Cap,2025-11-14,192.2,-2.21,-1.01
AARON,Engineering,Small Cap,2025-11-14,192.0,-2.72,-1.35
AARON,Engineering,Small Cap,2025-11-17,190.77,-3.18,-1.72
AARON,Engineering,Small Cap,2025-11-17,188.65,-3.68,-2.11
AARON,Engineering,Small Cap,2025-11-18,188.99,-4.0,-2.49
AARON,Engineering,Small Cap,2025-11-18,186.52,-4.4,-2.87
AARON,Engineering,Small Cap,2025-11-19,187.84,-4.56,-3.21
AARON,Engineering,Small Cap,2025-11-19,186.63,-4.73,-3.51
AARON,Engineering,Small Cap,2025-11-20,187.38,-4.75,-3.76
AARON,Engineering,Small Cap,2025-11-20,194.0,-4.18,-3.84
AARON,Engineering,Small Cap,2025-11-21,191.3,-3.9,-3.86
AARON,Engineering,Small Cap,2025-11-21,196.33,-3.24,-3.73
AARON,Engineering,Small Cap,2025-11-24,189.01,-3.27,-3.64
AARON,Engineering,Small Cap,2025-11-24,188.45,-3.3,-3.57
AARON,Engineering,Small Cap,2025-11-25,186.51,-3.44,-3.55
AARON,Engineering,Small Cap,2025-11-25,187.54,-3.43,-3.52
AARON,Engineering,Small Cap,2025-11-26,185.45,-3.55,-3.53
AARON,Engineering,Small Cap,2025-11-26,184.5,-3.67,-3.56
AARON,Engineering,Small Cap,2025-11-27,186.59,-3.57,-3.56
AARON,Engineering,Small Cap,2025-11-27,186.55,-3.44,-3.54
AARON,Engineering,Small Cap,2025-11-28,187.63,-3.22,-3.47
AARON,Engineering,Small Cap,2025-11-28,186.2,-3.13,-3.4
AARON,Engineering,Small Cap,2025-12-01,186.01,-3.03,-3.33
AARON,Engineering,Small Cap,2025-12-01,183.0,-3.16,-3.3
AARON,Engineering,Small Cap,2025-12-02,184.37,-3.12,-3.26
AARON,Engineering,Small Cap,2025-12-02,183.4,-3.13,-3.23
AARON,Engineering,Small Cap,2025-12-03,180.76,-3.31,-3.25
AARON,Engineering,Small Cap,2025-12-03,178.93,-3.56,-3.31
AARON,Engineering,Small Cap,2025-12-04,184.7,-3.25,-3.3
AARON,Engineering,Small Cap,2025-12-04,185.02,-2.95,-3.23
AARON,Engineering,Small Cap,2025-12-05,182.0,-2.92,-3.17
AARON,Engineering,Small Cap,2025-12-05,180.3,-3.0,-3.14
AARON,Engineering,Small Cap,2025-12-08,178.78,-3.15,-3.14
AARON,Engineering,Small Cap,2025-12-08,176.75,-3.4,-3.19
AARON,Engineering,Small Cap,2025-12-09,178.2,-3.43,-3.24
AARON,Engineering,Small Cap,2025-12-09,178.52,-3.4,-3.27
AARON,Engineering,Small Cap,2025-12-10,178.5,-3.33,-3.28
AARON,Engineering,Small Cap,2025-12-10,177.12,-3.35,-3.3
AARON,Engineering,Small Cap,2025-12-11,177.2,-3.32,-3.3
AARON,Engineering,Small Cap,2025-12-11,177.14,-3.27,-3.29
AARON,Engineering,Small Cap,2025-12-12,180.95,-2.88,-3.21
AARON,Engineering,Small Cap,2025-12-12,182.97,-2.39,-3.05
AARON,Engineering,Small Cap,2025-12-15,180.92,-2.14,-2.87
AARON,Engineering,Small Cap,2025-12-15,179.1,-2.06,-2.7
AARON,Engineering,Small Cap,2025-12-16,179.65,-1.93,-2.55
AARON,Engineering,Small Cap,2025-12-16,179.76,-1.8,-2.4
AARON,Engineering,Small Cap,2025-12-17,179.29,-1.72,-2.26
AARON,Engineering,Small Cap,2025-12-17,180.0,-1.57,-2.13
AARON,Engineering,Small Cap,2025-12-18,178.08,-1.6,-2.02
AARON,Engineering,Small Cap,2025-12-18,177.16,-1.67,-1.95
AARON,Engineering,Small Cap,2025-12-19,178.54,-1.6,-1.88
AARON,Engineering,Small Cap,2025-12-19,176.05,-1.72,-1.85
