Symbol,Sector,MarketCap,Date,Open,Close,High,Low,Volume
20MICRONS,Metals - Misc,Small Cap,2025-11-10,208.95,204.42,210.34,203.21,34486
20MICRONS,Metals - Misc,Small Cap,2025-11-10,204.54,203.33,204.75,202.85,41275
20MICRONS,Metals - Misc,Small Cap,2025-11-11,203.76,201.76,205.49,201.52,25025
20MICRONS,Metals - Misc,Small Cap,2025-11-11,202.11,197.7,202.34,197.0,73111
20MICRONS,Metals - Misc,Small Cap,2025-11-12,199.0,199.2,201.44,198.9,32990
20MICRONS,Metals - Misc,Small Cap,2025-11-12,199.0,199.25,200.57,198.5,24394
20MICRONS,Metals - Misc,Small Cap,2025-11-13,199.38,198.6,200.87,197.55,39952
20MICRONS,Metals - Misc,Small Cap,2025-11-13,198.6,198.1,199.2,197.6,23672
20MICRONS,Metals - Misc,Small Cap,2025-11-14,197.9,196.83,199.06,196.5,36273
20MICRONS,Metals - Misc,Small Cap,2025-11-14,196.83,193.63,196.88,191.6,47445
20MICRONS,Metals - Misc,Small Cap,2025-11-17,195.55,195.72,196.31,193.74,21966
20MICRONS,Metals - Misc,Small Cap,2025-11-17,195.0,195.09,195.9,194.55,20574
20MICRONS,Metals - Misc,Small Cap,2025-11-18,194.09,195.89,196.39,193.19,15099
20MICRONS,Metals - Misc,Small Cap,2025-11-18,195.84,195.0,196.9,194.11,16464
20MICRONS,Metals - Misc,Small Cap,2025-11-19,198.75,194.33,198.75,192.24,14061
20MICRONS,Metals - Misc,Small Cap,2025-11-19,194.3,195.48,195.5,193.0,12724
20MICRONS,Metals - Misc,Small Cap,2025-11-20,194.0,192.98,195.96,192.3,13448
20MICRONS,Metals - Misc,Small Cap,2025-11-20,192.69,190.59,193.37,190.11,29547
20MICRONS,Metals - Misc,Small Cap,2025-11-21,190.85,192.18,192.56,190.0,18031
20MICRONS,Metals - Misc,Small Cap,2025-11-21,192.19,189.61,192.25,189.56,21482
20MICRONS,Metals - Misc,Small Cap,2025-11-24,189.2,186.35,190.36,186.01,40322
20MICRONS,Metals - Misc,Small Cap,2025-11-24,186.35,185.16,187.0,184.18,29051
20MICRONS,Metals - Misc,Small Cap,2025-11-25,185.17,187.0,188.12,183.89,16886
20MICRONS,Metals - Misc,Small Cap,2025-11-25,187.0,187.98,189.0,186.55,19907
20MICRONS,Metals - Misc,Small Cap,2025-11-26,191.89,190.16,191.89,187.16,8179
20MICRONS,Metals - Misc,Small Cap,2025-11-26,190.1,195.9,197.4,189.71,46495
20MICRONS,Metals - Misc,Small Cap,2025-11-27,197.99,196.48,197.99,194.71,15559
20MICRONS,Metals - Misc,Small Cap,2025-11-27,195.91,193.99,197.0,193.25,18323
20MICRONS,Metals - Misc,Small Cap,2025-11-28,192.05,191.81,194.16,191.0,50794
20MICRONS,Metals - Misc,Small Cap,2025-11-28,191.79,192.35,192.35,191.3,23622
20MICRONS,Metals - Misc,Small Cap,2025-12-01,192.04,192.99,195.57,192.04,12100
20MICRONS,Metals - Misc,Small Cap,2025-12-01,192.99,191.56,193.0,190.27,18630
20MICRONS,Metals - Misc,Small Cap,2025-12-02,191.75,190.55,191.75,189.0,19714
20MICRONS,Metals - Misc,Small Cap,2025-12-02,190.24,189.12,190.77,189.0,11026
20MICRONS,Metals - Misc,Small Cap,2025-12-03,188.0,188.1,191.52,186.26,22713
20MICRONS,Metals - Misc,Small Cap,2025-12-03,187.8,190.6,192.0,187.8,26330
20MICRONS,Metals - Misc,Small Cap,2025-12-04,190.59,190.87,193.29,188.25,14635
20MICRONS,Metals - Misc,Small Cap,2025-12-04,190.89,189.0,190.99,189.0,16343
20MICRONS,Metals - Misc,Small Cap,2025-12-05,189.92,186.57,190.39,184.91,26277
20MICRONS,Metals - Misc,Small Cap,2025-12-05,187.19,188.66,190.0,186.04,23599
20MICRONS,Metals - Misc,Small Cap,2025-12-08,189.99,186.21,189.99,184.5,17846
20MICRONS,Metals - Misc,Small Cap,2025-12-08,186.23,185.58,186.58,184.06,16051
20MICRONS,Metals - Misc,Small Cap,2025-12-09,182.8,188.69,189.2,182.6,35313
20MICRONS,Metals - Misc,Small Cap,2025-12-09,188.57,188.41,193.52,185.58,58927
20MICRONS,Metals - Misc,Small Cap,2025-12-10,189.11,190.26,191.85,189.11,13247
20MICRONS,Metals - Misc,Small Cap,2025-12-10,190.26,188.36,191.13,188.0,17909
20MICRONS,Metals - Misc,Small Cap,2025-12-11,189.02,188.86,190.92,185.56,15335
20MICRONS,Metals - Misc,Small Cap,2025-12-11,189.08,188.1,189.9,188.0,16777
20MICRONS,Metals - Misc,Small Cap,2025-12-12,188.92,189.53,191.5,188.92,8549
20MICRONS,Metals - Misc,Small Cap,2025-12-12,189.7,190.5,191.0,188.78,14090
20MICRONS,Metals - Misc,Small Cap,2025-12-15,190.1,191.19,192.28,188.22,14965
20MICRONS,Metals - Misc,Small Cap,2025-12-15,191.0,192.5,193.35,190.52,17778
20MICRONS,Metals - Misc,Small Cap,2025-12-16,193.01,196.61,197.9,190.8,31244
20MICRONS,Metals - Misc,Small Cap,2025-12-16,196.59,195.92,196.83,194.5,24318
20MICRONS,Metals - Misc,Small Cap,2025-12-17,195.35,191.75,196.39,191.61,8661
20MICRONS,Metals - Misc,Small Cap,2025-12-17,191.41,191.21,192.45,189.68,22554
20MICRONS,Metals - Misc,Small Cap,2025-12-18,189.62,190.74,192.39,189.34,28610
20MICRONS,Metals - Misc,Small Cap,2025-12-18,190.74,191.21,192.0,190.5,11035
20MICRONS,Metals - Misc,Small Cap,2025-12-19,193.1,191.13,193.1,190.56,8070
20MICRONS,Metals - Misc,Small Cap,2025-12-19,191.44,192.33,193.0,190.97,20342
21STCENMGM,Financials - Misc,Small Cap,2025-11-10,46.95,46.93,46.95,46.93,457
21STCENMGM,Financials - Misc,Small Cap,2025-11-10,46.93,46.93,46.93,46.93,103
21STCENMGM,Financials - Misc,Small Cap,2025-11-11,46.93,45.99,46.93,45.99,502
21STCENMGM,Financials - Misc,Small Cap,2025-11-11,45.99,45.99,45.99,45.99,118
21STCENMGM,Financials - Misc,Small Cap,2025-11-12,45.07,45.07,45.9,45.07,6896
21STCENMGM,Financials - Misc,Small Cap,2025-11-12,45.07,45.07,45.07,45.07,176
21STCENMGM,Financials - Misc,Small Cap,2025-11-13,45.0,44.16,45.0,44.16,4051
21STCENMGM,Financials - Misc,Small Cap,2025-11-13,44.16,44.16,44.16,44.16,1417
21STCENMGM,Financials - Misc,Small Cap,2025-11-14,43.27,43.27,43.27,43.27,315
21STCENMGM,Financials - Misc,Small Cap,2025-11-14,43.27,43.27,43.27,43.27,344
21STCENMGM,Financials - Misc,Small Cap,2025-11-17,42.4,42.4,43.27,42.4,4304
21STCENMGM,Financials - Misc,Small Cap,2025-11-17,42.4,42.4,42.4,42.4,2778
21STCENMGM,Financials - Misc,Small Cap,2025-11-18,43.0,41.55,43.0,41.55,6956
21STCENMGM,Financials - Misc,Small Cap,2025-11-18,41.55,41.55,41.55,41.55,251
21STCENMGM,Financials - Misc,Small Cap,2025-11-19,40.75,40.71,41.55,40.71,2017
21STCENMGM,Financials - Misc,Small Cap,2025-11-19,40.71,40.71,40.71,40.71,161
21STCENMGM,Financials - Misc,Small Cap,2025-11-20,40.0,39.89,41.45,39.89,1007
21STCENMGM,Financials - Misc,Small Cap,2025-11-20,39.89,39.89,39.89,39.89,429
21STCENMGM,Financials - Misc,Small Cap,2025-11-21,39.89,39.09,39.89,39.09,1132
21STCENMGM,Financials - Misc,Small Cap,2025-11-21,39.09,39.09,39.09,39.09,1768
21STCENMGM,Financials - Misc,Small Cap,2025-11-24,39.0,38.3,39.0,38.3,352
21STCENMGM,Financials - Misc,Small Cap,2025-11-24,38.3,38.3,38.3,38.3,897
21STCENMGM,Financials - Misc,Small Cap,2025-11-25,37.8,37.53,37.8,37.53,503
21STCENMGM,Financials - Misc,Small Cap,2025-11-25,37.53,37.53,37.53,37.53,89
21STCENMGM,Financials - Misc,Small Cap,2025-11-26,37.35,36.77,37.35,36.77,1142
21STCENMGM,Financials - Misc,Small Cap,2025-11-26,36.77,36.77,37.15,36.77,22601
21STCENMGM,Financials - Misc,Small Cap,2025-11-27,36.03,37.5,37.5,36.03,2798
21STCENMGM,Financials - Misc,Small Cap,2025-11-27,37.5,37.5,37.5,37.5,2401
21STCENMGM,Financials - Misc,Small Cap,2025-11-28,37.75,38.25,38.25,37.75,32
21STCENMGM,Financials - Misc,Small Cap,2025-11-28,38.25,38.25,38.25,38.25,201
21STCENMGM,Financials - Misc,Small Cap,2025-12-01,39.01,39.01,39.01,39.01,4
21STCENMGM,Financials - Misc,Small Cap,2025-12-01,39.01,39.01,39.01,39.01,244
21STCENMGM,Financials - Misc,Small Cap,2025-12-02,39.79,39.79,39.79,39.79,1646
21STCENMGM,Financials - Misc,Small Cap,2025-12-02,39.79,39.79,39.79,39.79,48
21STCENMGM,Financials - Misc,Small Cap,2025-12-03,40.58,40.58,40.58,40.58,165
21STCENMGM,Financials - Misc,Small Cap,2025-12-03,40.58,40.58,40.58,40.58,96
21STCENMGM,Financials - Misc,Small Cap,2025-12-04,41.39,41.39,41.39,41.39,2414
21STCENMGM,Financials - Misc,Small Cap,2025-12-04,41.39,41.39,41.39,41.39,10
21STCENMGM,Financials - Misc,Small Cap,2025-12-05,42.21,42.21,42.21,42.21,7099
21STCENMGM,Financials - Misc,Small Cap,2025-12-05,42.21,42.21,42.21,42.21,114
21STCENMGM,Financials - Misc,Small Cap,2025-12-08,43.05,43.05,43.05,41.55,4341
21STCENMGM,Financials - Misc,Small Cap,2025-12-08,42.8,43.05,43.05,41.97,1309
21STCENMGM,Financials - Misc,Small Cap,2025-12-09,42.22,43.74,43.91,42.22,4301
21STCENMGM,Financials - Misc,Small Cap,2025-12-09,43.02,42.79,43.78,42.5,4033
21STCENMGM,Financials - Misc,Small Cap,2025-12-10,43.62,42.85,43.64,42.8,1152
21STCENMGM,Financials - Misc,Small Cap,2025-12-10,43.62,43.61,43.64,43.0,201
21STCENMGM,Financials - Misc,Small Cap,2025-12-11,44.44,44.34,44.44,43.06,1142
21STCENMGM,Financials - Misc,Small Cap,2025-12-11,44.3,44.08,44.35,43.12,1574
21STCENMGM,Financials - Misc,Small Cap,2025-12-12,43.25,44.3,44.96,43.25,1144
21STCENMGM,Financials - Misc,Small Cap,2025-12-12,44.96,44.9,44.96,44.3,2052
21STCENMGM,Financials - Misc,Small Cap,2025-12-15,45.0,45.77,45.77,44.37,4999
21STCENMGM,Financials - Misc,Small Cap,2025-12-15,45.77,45.77,45.77,45.77,956
21STCENMGM,Financials - Misc,Small Cap,2025-12-16,46.68,46.68,46.68,45.01,5034
21STCENMGM,Financials - Misc,Small Cap,2025-12-16,46.68,46.68,46.68,46.68,264
21STCENMGM,Financials - Misc,Small Cap,2025-12-17,47.61,47.61,47.61,46.68,5302
21STCENMGM,Financials - Misc,Small Cap,2025-12-17,47.6,47.6,47.61,46.7,17588
21STCENMGM,Financials - Misc,Small Cap,2025-12-18,48.5,48.55,48.55,48.49,5603
21STCENMGM,Financials - Misc,Small Cap,2025-12-18,48.55,48.55,48.55,48.55,1869
21STCENMGM,Financials - Misc,Small Cap,2025-12-19,49.52,48.85,49.52,47.6,8294
21STCENMGM,Financials - Misc,Small Cap,2025-12-19,48.84,48.74,48.99,48.45,1992
360ONE,Financials - Misc,Mid Cap,2025-11-10,1071.6,1071.3,1078.8,1057.2,143122
360ONE,Financials - Misc,Mid Cap,2025-11-10,1071.0,1075.7,1077.0,1070.0,119574
360ONE,Financials - Misc,Mid Cap,2025-11-11,1073.2,1068.3,1073.2,1051.7,146663
360ONE,Financials - Misc,Mid Cap,2025-11-11,1068.3,1083.5,1083.5,1064.7,250033
360ONE,Financials - Misc,Mid Cap,2025-11-12,1080.8,1089.1,1096.9,1080.5,66431
360ONE,Financials - Misc,Mid Cap,2025-11-12,1089.2,1087.0,1091.0,1084.4,172097
360ONE,Financials - Misc,Mid Cap,2025-11-13,1088.9,1094.0,1094.4,1075.8,178556
360ONE,Financials - Misc,Mid Cap,2025-11-13,1093.8,1085.6,1095.0,1080.2,217133
360ONE,Financials - Misc,Mid Cap,2025-11-14,1087.2,1065.4,1087.3,1059.6,352023
360ONE,Financials - Misc,Mid Cap,2025-11-14,1065.3,1064.9,1070.3,1060.5,188252
360ONE,Financials - Misc,Mid Cap,2025-11-17,1062.0,1070.0,1079.9,1062.0,146438
360ONE,Financials - Misc,Mid Cap,2025-11-17,1070.3,1071.8,1074.5,1064.0,129028
360ONE,Financials - Misc,Mid Cap,2025-11-18,1074.5,1071.9,1074.5,1056.0,207485
360ONE,Financials - Misc,Mid Cap,2025-11-18,1071.8,1076.2,1081.0,1070.9,163348
360ONE,Financials - Misc,Mid Cap,2025-11-19,1079.6,1106.2,1111.0,1069.2,488017
360ONE,Financials - Misc,Mid Cap,2025-11-19,1105.6,1119.4,1124.9,1104.5,440612
360ONE,Financials - Misc,Mid Cap,2025-11-20,1128.9,1137.7,1143.5,1117.6,550554
360ONE,Financials - Misc,Mid Cap,2025-11-20,1138.0,1143.0,1144.9,1131.6,313295
360ONE,Financials - Misc,Mid Cap,2025-11-21,1138.9,1132.3,1157.3,1121.3,1338705
360ONE,Financials - Misc,Mid Cap,2025-11-21,1132.2,1144.0,1145.0,1124.8,1151158
360ONE,Financials - Misc,Mid Cap,2025-11-24,1142.4,1150.3,1153.9,1136.6,669392
360ONE,Financials - Misc,Mid Cap,2025-11-24,1150.5,1129.8,1152.2,1123.0,1311916
360ONE,Financials - Misc,Mid Cap,2025-11-25,1124.5,1124.0,1136.0,1113.0,167529
360ONE,Financials - Misc,Mid Cap,2025-11-25,1123.9,1120.0,1144.0,1110.9,635854
360ONE,Financials - Misc,Mid Cap,2025-11-26,1125.0,1146.3,1158.3,1122.5,193379
360ONE,Financials - Misc,Mid Cap,2025-11-26,1146.9,1147.0,1152.0,1144.0,598653
360ONE,Financials - Misc,Mid Cap,2025-11-27,1152.0,1152.5,1155.8,1141.0,108883
360ONE,Financials - Misc,Mid Cap,2025-11-27,1152.4,1165.0,1170.1,1152.0,307759
360ONE,Financials - Misc,Mid Cap,2025-11-28,1165.5,1174.9,1175.0,1144.0,726807
360ONE,Financials - Misc,Mid Cap,2025-11-28,1175.0,1179.5,1185.9,1173.2,338005
360ONE,Financials - Misc,Mid Cap,2025-12-01,1186.2,1195.6,1198.6,1184.4,227696
360ONE,Financials - Misc,Mid Cap,2025-12-01,1195.6,1190.0,1197.8,1183.6,222091
360ONE,Financials - Misc,Mid Cap,2025-12-02,1185.0,1164.7,1185.9,1163.5,296991
360ONE,Financials - Misc,Mid Cap,2025-12-02,1165.0,1162.0,1171.9,1158.2,142787
360ONE,Financials - Misc,Mid Cap,2025-12-03,1161.6,1164.6,1168.0,1147.4,98246
360ONE,Financials - Misc,Mid Cap,2025-12-03,1164.6,1151.0,1165.0,1141.5,163503
360ONE,Financials - Misc,Mid Cap,2025-12-04,1154.1,1131.8,1154.1,1129.9,117791
360ONE,Financials - Misc,Mid Cap,2025-12-04,1131.6,1124.7,1134.1,1123.9,144819
360ONE,Financials - Misc,Mid Cap,2025-12-05,1128.4,1148.0,1149.2,1114.1,188555
360ONE,Financials - Misc,Mid Cap,2025-12-05,1148.0,1146.7,1156.6,1139.0,201190
360ONE,Financials - Misc,Mid Cap,2025-12-08,1170.0,1134.5,1170.0,1133.0,190130
360ONE,Financials - Misc,Mid Cap,2025-12-08,1134.5,1126.8,1134.5,1118.2,241817
360ONE,Financials - Misc,Mid Cap,2025-12-09,1128.1,1124.4,1142.5,1119.3,183346
360ONE,Financials - Misc,Mid Cap,2025-12-09,1124.0,1117.4,1129.8,1111.1,1377462
360ONE,Financials - Misc,Mid Cap,2025-12-10,1117.0,1101.2,1117.0,1098.0,96528
360ONE,Financials - Misc,Mid Cap,2025-12-10,1101.2,1102.8,1107.4,1092.6,167941
360ONE,Financials - Misc,Mid Cap,2025-12-11,1102.0,1135.8,1143.0,1102.0,213193
360ONE,Financials - Misc,Mid Cap,2025-12-11,1135.3,1135.8,1138.9,1127.0,138434
360ONE,Financials - Misc,Mid Cap,2025-12-12,1135.5,1141.8,1141.8,1127.7,75615
360ONE,Financials - Misc,Mid Cap,2025-12-12,1141.4,1143.3,1147.0,1138.9,120360
360ONE,Financials - Misc,Mid Cap,2025-12-15,1142.2,1136.0,1155.7,1132.1,965056
360ONE,Financials - Misc,Mid Cap,2025-12-15,1136.2,1144.7,1151.0,1134.5,194437
360ONE,Financials - Misc,Mid Cap,2025-12-16,1146.5,1136.3,1149.8,1136.2,80535
360ONE,Financials - Misc,Mid Cap,2025-12-16,1135.5,1127.0,1137.3,1126.7,144210
360ONE,Financials - Misc,Mid Cap,2025-12-17,1139.0,1129.3,1151.9,1123.6,614062
360ONE,Financials - Misc,Mid Cap,2025-12-17,1129.0,1126.1,1131.0,1120.5,110398
360ONE,Financials - Misc,Mid Cap,2025-12-18,1141.4,1141.6,1144.0,1122.8,188867
360ONE,Financials - Misc,Mid Cap,2025-12-18,1141.3,1139.9,1149.4,1136.1,168129
360ONE,Financials - Misc,Mid Cap,2025-12-19,1142.0,1130.6,1150.0,1125.7,121937
360ONE,Financials - Misc,Mid Cap,2025-12-19,1131.0,1131.9,1147.8,1126.2,1478417
3MINDIA,Others,Mid Cap,2025-11-10,35060.0,36010.0,36380.0,35060.0,5031
3MINDIA,Others,Mid Cap,2025-11-10,36010.0,36025.0,36275.0,35905.0,13960
3MINDIA,Others,Mid Cap,2025-11-11,36000.0,35625.0,36595.0,35565.0,2584
3MINDIA,Others,Mid Cap,2025-11-11,35625.0,35605.0,36145.0,35605.0,4038
3MINDIA,Others,Mid Cap,2025-11-12,36055.0,36035.0,36315.0,35875.0,2569
3MINDIA,Others,Mid Cap,2025-11-12,36050.0,36015.0,36200.0,35995.0,3953
3MINDIA,Others,Mid Cap,2025-11-13,36100.0,36140.0,36430.0,35925.0,3780
3MINDIA,Others,Mid Cap,2025-11-13,36140.0,36075.0,36150.0,36000.0,1953
3MINDIA,Others,Mid Cap,2025-11-14,36175.0,36010.0,36175.0,35910.0,728
3MINDIA,Others,Mid Cap,2025-11-14,35995.0,35910.0,36035.0,35600.0,4375
3MINDIA,Others,Mid Cap,2025-11-17,35840.0,36170.0,36565.0,35840.0,1734
3MINDIA,Others,Mid Cap,2025-11-17,36180.0,36150.0,36265.0,36000.0,2402
3MINDIA,Others,Mid Cap,2025-11-18,36205.0,36010.0,36315.0,35950.0,1869
3MINDIA,Others,Mid Cap,2025-11-18,35990.0,36090.0,36230.0,35990.0,2622
3MINDIA,Others,Mid Cap,2025-11-19,36220.0,35815.0,36220.0,35805.0,1060
3MINDIA,Others,Mid Cap,2025-11-19,35865.0,35970.0,36000.0,35750.0,1589
3MINDIA,Others,Mid Cap,2025-11-20,36240.0,35660.0,36240.0,35500.0,1093
3MINDIA,Others,Mid Cap,2025-11-20,35660.0,35685.0,35775.0,35605.0,949
3MINDIA,Others,Mid Cap,2025-11-21,35745.0,35285.0,35750.0,35235.0,6620
3MINDIA,Others,Mid Cap,2025-11-21,35280.0,35455.0,35505.0,35160.0,1248
3MINDIA,Others,Mid Cap,2025-11-24,35555.0,35600.0,35655.0,35285.0,809
3MINDIA,Others,Mid Cap,2025-11-24,35585.0,35450.0,35720.0,35040.0,5219
3MINDIA,Others,Mid Cap,2025-11-25,35100.0,35145.0,35415.0,34865.0,3030
3MINDIA,Others,Mid Cap,2025-11-25,35150.0,35290.0,35435.0,35045.0,3218
3MINDIA,Others,Mid Cap,2025-11-26,35300.0,35405.0,35660.0,35255.0,907
3MINDIA,Others,Mid Cap,2025-11-26,35410.0,35520.0,35680.0,35350.0,2804
3MINDIA,Others,Mid Cap,2025-11-27,35620.0,34955.0,35620.0,34955.0,923
3MINDIA,Others,Mid Cap,2025-11-27,35030.0,35030.0,35160.0,34955.0,843
3MINDIA,Others,Mid Cap,2025-11-28,34960.0,34950.0,35195.0,34895.0,400
3MINDIA,Others,Mid Cap,2025-11-28,35005.0,34840.0,35120.0,34735.0,1379
3MINDIA,Others,Mid Cap,2025-12-01,34970.0,34845.0,34985.0,34700.0,582
3MINDIA,Others,Mid Cap,2025-12-01,34885.0,34815.0,34930.0,34740.0,669
3MINDIA,Others,Mid Cap,2025-12-02,34815.0,34650.0,35020.0,34600.0,502
3MINDIA,Others,Mid Cap,2025-12-02,34635.0,34750.0,34900.0,34580.0,1154
3MINDIA,Others,Mid Cap,2025-12-03,34750.0,34700.0,34860.0,34635.0,327
3MINDIA,Others,Mid Cap,2025-12-03,34710.0,34785.0,34835.0,34640.0,855
3MINDIA,Others,Mid Cap,2025-12-04,34760.0,34730.0,35065.0,34350.0,1085
3MINDIA,Others,Mid Cap,2025-12-04,34710.0,34750.0,34790.0,34575.0,2752
3MINDIA,Others,Mid Cap,2025-12-05,34970.0,34310.0,34970.0,34310.0,348
3MINDIA,Others,Mid Cap,2025-12-05,34300.0,34040.0,34370.0,33805.0,1208
3MINDIA,Others,Mid Cap,2025-12-08,34130.0,34680.0,34895.0,33890.0,5899
3MINDIA,Others,Mid Cap,2025-12-08,34660.0,34860.0,35175.0,34525.0,5215
3MINDIA,Others,Mid Cap,2025-12-09,34650.0,34450.0,34690.0,34155.0,2416
3MINDIA,Others,Mid Cap,2025-12-09,34535.0,34505.0,34915.0,34400.0,1330
3MINDIA,Others,Mid Cap,2025-12-10,34595.0,34305.0,35000.0,34215.0,565
3MINDIA,Others,Mid Cap,2025-12-10,34275.0,34585.0,34860.0,34275.0,1343
3MINDIA,Others,Mid Cap,2025-12-11,34440.0,34365.0,34585.0,33985.0,1311
3MINDIA,Others,Mid Cap,2025-12-11,34405.0,34480.0,34750.0,34265.0,2081
3MINDIA,Others,Mid Cap,2025-12-12,34735.0,35250.0,35540.0,34475.0,2574
3MINDIA,Others,Mid Cap,2025-12-12,35215.0,35465.0,35495.0,35205.0,1982
3MINDIA,Others,Mid Cap,2025-12-15,35465.0,35610.0,35800.0,35200.0,683
3MINDIA,Others,Mid Cap,2025-12-15,35650.0,35565.0,35695.0,35340.0,826
3MINDIA,Others,Mid Cap,2025-12-16,35400.0,35495.0,35520.0,35165.0,981
3MINDIA,Others,Mid Cap,2025-12-16,35510.0,35370.0,35535.0,35290.0,530
3MINDIA,Others,Mid Cap,2025-12-17,35540.0,35305.0,35865.0,35200.0,656
3MINDIA,Others,Mid Cap,2025-12-17,35285.0,35130.0,35320.0,35010.0,1141
3MINDIA,Others,Mid Cap,2025-12-18,35010.0,35005.0,35195.0,34800.0,384
3MINDIA,Others,Mid Cap,2025-12-18,34970.0,35180.0,35185.0,34800.0,787
3MINDIA,Others,Mid Cap,2025-12-19,35025.0,35070.0,35380.0,34800.0,794
3MINDIA,Others,Mid Cap,2025-12-19,35140.0,34875.0,35300.0,34715.0,2494
3PLAND,Financials - Misc,Small Cap,2025-11-10,41.0,41.4,42.39,41.0,849
3PLAND,Financials - Misc,Small Cap,2025-11-10,41.95,41.24,41.95,40.95,7333
3PLAND,Financials - Misc,Small Cap,2025-11-11,41.0,40.92,41.25,40.07,619
3PLAND,Financials - Misc,Small Cap,2025-11-11,40.92,40.09,41.79,38.7,11407
3PLAND,Financials - Misc,Small Cap,2025-11-12,41.0,41.49,41.89,40.15,2032
3PLAND,Financials - Misc,Small Cap,2025-11-12,40.66,40.72,41.48,40.62,523
3PLAND,Financials - Misc,Small Cap,2025-11-13,40.72,41.0,41.9,40.36,671
3PLAND,Financials - Misc,Small Cap,2025-11-13,40.51,40.38,41.32,40.3,1906
3PLAND,Financials - Misc,Small Cap,2025-11-14,40.18,40.97,41.88,40.1,4228
3PLAND,Financials - Misc,Small Cap,2025-11-14,40.6,40.65,40.98,40.19,1911
3PLAND,Financials - Misc,Small Cap,2025-11-17,40.9,39.95,40.9,38.66,1800
3PLAND,Financials - Misc,Small Cap,2025-11-17,39.9,39.76,39.9,38.81,6793
3PLAND,Financials - Misc,Small Cap,2025-11-18,39.1,39.25,39.4,38.5,1487
3PLAND,Financials - Misc,Small Cap,2025-11-18,39.0,38.89,39.25,38.4,8396
3PLAND,Financials - Misc,Small Cap,2025-11-19,38.89,39.79,39.79,38.75,2354
3PLAND,Financials - Misc,Small Cap,2025-11-19,39.5,39.66,39.79,39.5,951
3PLAND,Financials - Misc,Small Cap,2025-11-20,40.5,39.15,40.5,38.8,221
3PLAND,Financials - Misc,Small Cap,2025-11-20,39.0,39.4,39.98,39.0,469
3PLAND,Financials - Misc,Small Cap,2025-11-21,39.4,39.85,39.99,38.5,936
3PLAND,Financials - Misc,Small Cap,2025-11-21,39.84,39.51,39.84,39.08,336
3PLAND,Financials - Misc,Small Cap,2025-11-24,40.5,39.44,40.5,38.0,652
3PLAND,Financials - Misc,Small Cap,2025-11-24,38.62,39.89,43.89,38.6,118076
3PLAND,Financials - Misc,Small Cap,2025-11-25,39.49,40.59,40.68,39.4,1717
3PLAND,Financials - Misc,Small Cap,2025-11-25,40.59,40.01,40.6,39.41,398
3PLAND,Financials - Misc,Small Cap,2025-11-26,40.0,40.09,40.6,39.7,3622
3PLAND,Financials - Misc,Small Cap,2025-11-26,39.8,39.49,40.05,34.11,44189
3PLAND,Financials - Misc,Small Cap,2025-11-27,39.51,39.2,40.44,38.0,1515
3PLAND,Financials - Misc,Small Cap,2025-11-27,39.5,39.54,40.37,39.01,3734
3PLAND,Financials - Misc,Small Cap,2025-11-28,39.16,39.5,40.34,39.16,134
3PLAND,Financials - Misc,Small Cap,2025-11-28,40.19,40.07,40.2,39.5,2330
3PLAND,Financials - Misc,Small Cap,2025-12-01,39.5,40.4,41.0,39.0,1642
3PLAND,Financials - Misc,Small Cap,2025-12-01,39.5,39.97,40.39,39.5,1057
3PLAND,Financials - Misc,Small Cap,2025-12-02,41.0,38.4,41.25,37.78,27476
3PLAND,Financials - Misc,Small Cap,2025-12-02,38.1,38.86,39.5,38.1,2701
3PLAND,Financials - Misc,Small Cap,2025-12-03,39.29,39.4,39.46,38.86,1070
3PLAND,Financials - Misc,Small Cap,2025-12-03,39.46,39.23,40.0,39.1,203
3PLAND,Financials - Misc,Small Cap,2025-12-04,40.5,39.4,40.5,38.01,139
3PLAND,Financials - Misc,Small Cap,2025-12-04,39.2,39.24,39.4,38.99,572
3PLAND,Financials - Misc,Small Cap,2025-12-05,39.0,39.2,40.2,38.08,69
3PLAND,Financials - Misc,Small Cap,2025-12-05,39.2,39.1,39.45,38.91,59
3PLAND,Financials - Misc,Small Cap,2025-12-08,39.99,39.09,39.99,38.51,2509
3PLAND,Financials - Misc,Small Cap,2025-12-08,38.5,38.33,39.06,38.05,358
3PLAND,Financials - Misc,Small Cap,2025-12-09,38.11,38.69,38.74,36.5,15079
3PLAND,Financials - Misc,Small Cap,2025-12-09,38.6,37.66,38.69,37.01,666
3PLAND,Financials - Misc,Small Cap,2025-12-10,38.75,38.99,39.25,37.66,392
3PLAND,Financials - Misc,Small Cap,2025-12-10,39.2,38.48,39.2,37.7,4331
3PLAND,Financials - Misc,Small Cap,2025-12-11,38.5,37.6,38.5,35.41,2108
3PLAND,Financials - Misc,Small Cap,2025-12-11,37.32,37.38,37.7,37.31,843
3PLAND,Financials - Misc,Small Cap,2025-12-12,37.5,37.7,39.0,36.24,778
3PLAND,Financials - Misc,Small Cap,2025-12-12,37.3,37.68,37.79,37.0,1272
3PLAND,Financials - Misc,Small Cap,2025-12-15,38.5,37.49,39.0,35.86,4414
3PLAND,Financials - Misc,Small Cap,2025-12-15,36.05,36.91,38.55,36.05,4841
3PLAND,Financials - Misc,Small Cap,2025-12-16,37.3,38.7,39.0,37.15,2248
3PLAND,Financials - Misc,Small Cap,2025-12-16,38.7,37.47,38.7,37.0,1424
3PLAND,Financials - Misc,Small Cap,2025-12-17,39.5,38.5,40.7,38.0,17336
3PLAND,Financials - Misc,Small Cap,2025-12-17,38.65,38.69,39.19,38.41,2887
3PLAND,Financials - Misc,Small Cap,2025-12-18,38.69,37.19,38.69,36.25,4102
3PLAND,Financials - Misc,Small Cap,2025-12-18,37.49,37.57,38.15,36.53,5076
3PLAND,Financials - Misc,Small Cap,2025-12-19,38.0,37.99,38.89,36.6,213
3PLAND,Financials - Misc,Small Cap,2025-12-19,37.8,38.13,38.17,37.8,610
5PAISA,Financials - Broking,Small Cap,2025-11-10,303.2,295.4,303.35,295.05,23201
5PAISA,Financials - Broking,Small Cap,2025-11-10,295.4,294.4,295.95,292.2,29065
5PAISA,Financials - Broking,Small Cap,2025-11-11,300.0,291.4,300.0,289.9,18721
5PAISA,Financials - Broking,Small Cap,2025-11-11,291.3,290.0,291.9,288.35,18520
5PAISA,Financials - Broking,Small Cap,2025-11-12,290.15,291.25,295.7,289.4,21321
5PAISA,Financials - Broking,Small Cap,2025-11-12,291.25,290.0,291.25,288.55,25433
5PAISA,Financials - Broking,Small Cap,2025-11-13,292.0,289.6,294.95,288.3,23943
5PAISA,Financials - Broking,Small Cap,2025-11-13,290.0,290.0,290.0,288.35,13178
5PAISA,Financials - Broking,Small Cap,2025-11-14,290.5,289.25,292.0,287.95,21786
5PAISA,Financials - Broking,Small Cap,2025-11-14,289.9,290.0,290.0,288.05,9725
5PAISA,Financials - Broking,Small Cap,2025-11-17,293.0,294.5,295.7,288.2,20436
5PAISA,Financials - Broking,Small Cap,2025-11-17,295.05,317.0,319.25,289.7,1527983
5PAISA,Financials - Broking,Small Cap,2025-11-18,334.65,355.0,360.3,334.6,2891910
5PAISA,Financials - Broking,Small Cap,2025-11-18,355.1,344.0,357.25,341.2,1862894
5PAISA,Financials - Broking,Small Cap,2025-11-19,343.45,334.6,343.45,330.7,274647
5PAISA,Financials - Broking,Small Cap,2025-11-19,334.5,330.15,336.9,330.15,108777
5PAISA,Financials - Broking,Small Cap,2025-11-20,332.85,342.45,349.45,325.5,175581
5PAISA,Financials - Broking,Small Cap,2025-11-20,342.9,356.25,360.0,341.85,572386
5PAISA,Financials - Broking,Small Cap,2025-11-21,356.0,347.0,363.45,346.3,115028
5PAISA,Financials - Broking,Small Cap,2025-11-21,347.5,342.9,349.9,340.35,75988
5PAISA,Financials - Broking,Small Cap,2025-11-24,344.5,335.9,345.0,332.0,42967
5PAISA,Financials - Broking,Small Cap,2025-11-24,335.95,335.25,339.0,332.0,63401
5PAISA,Financials - Broking,Small Cap,2025-11-25,335.25,332.25,344.0,329.55,22639
5PAISA,Financials - Broking,Small Cap,2025-11-25,332.8,333.55,335.0,331.25,36480
5PAISA,Financials - Broking,Small Cap,2025-11-26,336.2,343.0,349.7,333.55,79800
5PAISA,Financials - Broking,Small Cap,2025-11-26,343.0,343.85,346.65,338.45,71502
5PAISA,Financials - Broking,Small Cap,2025-11-27,343.85,341.6,348.95,340.8,16567
5PAISA,Financials - Broking,Small Cap,2025-11-27,341.7,340.8,342.4,337.2,21723
5PAISA,Financials - Broking,Small Cap,2025-11-28,340.0,334.55,340.0,333.6,17258
5PAISA,Financials - Broking,Small Cap,2025-11-28,334.0,334.95,337.05,332.35,26198
5PAISA,Financials - Broking,Small Cap,2025-12-01,332.05,331.7,336.0,330.85,16753
5PAISA,Financials - Broking,Small Cap,2025-12-01,331.75,329.6,331.75,327.25,32929
5PAISA,Financials - Broking,Small Cap,2025-12-02,328.0,338.35,342.5,328.0,85411
5PAISA,Financials - Broking,Small Cap,2025-12-02,337.65,335.75,340.7,332.2,77716
5PAISA,Financials - Broking,Small Cap,2025-12-03,337.5,318.6,337.5,318.05,42961
5PAISA,Financials - Broking,Small Cap,2025-12-03,318.6,318.7,320.0,316.45,57483
5PAISA,Financials - Broking,Small Cap,2025-12-04,321.25,318.55,321.25,315.8,14020
5PAISA,Financials - Broking,Small Cap,2025-12-04,318.55,317.15,319.2,315.8,21873
5PAISA,Financials - Broking,Small Cap,2025-12-05,317.4,310.55,317.4,309.6,17507
5PAISA,Financials - Broking,Small Cap,2025-12-05,311.25,319.0,319.0,310.25,17532
5PAISA,Financials - Broking,Small Cap,2025-12-08,314.45,301.0,315.0,300.05,35816
5PAISA,Financials - Broking,Small Cap,2025-12-08,301.45,302.35,308.0,298.75,32705
5PAISA,Financials - Broking,Small Cap,2025-12-09,299.65,302.85,308.0,290.55,102340
5PAISA,Financials - Broking,Small Cap,2025-12-09,302.85,304.5,307.0,302.15,14762
5PAISA,Financials - Broking,Small Cap,2025-12-10,305.0,305.1,310.15,303.6,14954
5PAISA,Financials - Broking,Small Cap,2025-12-10,305.5,303.15,306.8,300.65,22110
5PAISA,Financials - Broking,Small Cap,2025-12-11,302.1,306.05,307.1,300.55,12431
5PAISA,Financials - Broking,Small Cap,2025-12-11,305.65,307.5,309.55,305.65,26083
5PAISA,Financials - Broking,Small Cap,2025-12-12,307.5,308.15,315.3,305.15,14461
5PAISA,Financials - Broking,Small Cap,2025-12-12,308.0,307.95,309.0,306.55,13230
5PAISA,Financials - Broking,Small Cap,2025-12-15,310.0,313.25,317.7,310.0,12533
5PAISA,Financials - Broking,Small Cap,2025-12-15,313.3,317.05,321.0,312.6,27633
5PAISA,Financials - Broking,Small Cap,2025-12-16,318.7,311.55,318.7,310.1,11977
5PAISA,Financials - Broking,Small Cap,2025-12-16,311.55,309.4,312.8,308.3,23762
5PAISA,Financials - Broking,Small Cap,2025-12-17,309.0,307.5,312.75,306.2,9207
5PAISA,Financials - Broking,Small Cap,2025-12-17,307.25,307.1,311.4,305.2,2351
5PAISA,Financials - Broking,Small Cap,2025-12-18,308.85,304.7,308.85,303.8,31391
5PAISA,Financials - Broking,Small Cap,2025-12-18,305.25,308.25,309.9,303.45,21279
5PAISA,Financials - Broking,Small Cap,2025-12-19,307.5,307.65,309.8,306.3,8647
5PAISA,Financials - Broking,Small Cap,2025-12-19,308.15,310.8,312.2,307.9,13979
63MOONS,IT - Software/Consulting,Small Cap,2025-11-10,750.0,733.45,757.45,733.1,19761
63MOONS,IT - Software/Consulting,Small Cap,2025-11-10,733.5,731.6,737.65,730.1,36231
63MOONS,IT - Software/Consulting,Small Cap,2025-11-11,735.0,713.0,737.7,713.0,46084
63MOONS,IT - Software/Consulting,Small Cap,2025-11-11,713.0,719.3,727.0,712.55,41340
63MOONS,IT - Software/Consulting,Small Cap,2025-11-12,721.7,763.95,789.8,721.7,190686
63MOONS,IT - Software/Consulting,Small Cap,2025-11-12,763.55,757.8,764.0,751.85,50988
63MOONS,IT - Software/Consulting,Small Cap,2025-11-13,760.95,743.05,760.95,742.05,26044
63MOONS,IT - Software/Consulting,Small Cap,2025-11-13,743.05,742.8,747.55,739.8,35131
63MOONS,IT - Software/Consulting,Small Cap,2025-11-14,737.0,747.05,754.85,737.0,16147
63MOONS,IT - Software/Consulting,Small Cap,2025-11-14,746.35,742.85,746.5,738.05,15879
63MOONS,IT - Software/Consulting,Small Cap,2025-11-17,742.85,732.55,746.9,731.0,22142
63MOONS,IT - Software/Consulting,Small Cap,2025-11-17,732.6,732.1,735.5,730.0,23512
63MOONS,IT - Software/Consulting,Small Cap,2025-11-18,732.1,752.75,755.0,732.1,38792
63MOONS,IT - Software/Consulting,Small Cap,2025-11-18,752.05,742.75,752.8,741.3,18878
63MOONS,IT - Software/Consulting,Small Cap,2025-11-19,739.1,734.0,739.1,732.0,12059
63MOONS,IT - Software/Consulting,Small Cap,2025-11-19,733.05,720.05,734.85,716.75,32226
63MOONS,IT - Software/Consulting,Small Cap,2025-11-20,726.0,750.05,763.85,723.0,91783
63MOONS,IT - Software/Consulting,Small Cap,2025-11-20,750.0,756.25,760.0,750.0,46954
63MOONS,IT - Software/Consulting,Small Cap,2025-11-21,751.5,746.1,767.35,743.0,35906
63MOONS,IT - Software/Consulting,Small Cap,2025-11-21,746.35,736.1,748.1,730.1,32540
63MOONS,IT - Software/Consulting,Small Cap,2025-11-24,739.85,716.5,739.85,716.3,21165
63MOONS,IT - Software/Consulting,Small Cap,2025-11-24,716.3,712.85,725.0,708.0,46812
63MOONS,IT - Software/Consulting,Small Cap,2025-11-25,714.1,730.0,732.4,710.0,31081
63MOONS,IT - Software/Consulting,Small Cap,2025-11-25,730.0,721.2,743.65,720.0,48233
63MOONS,IT - Software/Consulting,Small Cap,2025-11-26,722.55,737.35,742.0,722.55,23113
63MOONS,IT - Software/Consulting,Small Cap,2025-11-26,737.2,759.25,770.3,735.2,77901
63MOONS,IT - Software/Consulting,Small Cap,2025-11-27,760.05,773.5,799.0,760.05,91744
63MOONS,IT - Software/Consulting,Small Cap,2025-11-27,773.5,783.85,789.5,767.65,56427
63MOONS,IT - Software/Consulting,Small Cap,2025-11-28,805.0,895.2,909.8,793.85,4378039
63MOONS,IT - Software/Consulting,Small Cap,2025-11-28,895.2,899.0,937.65,892.35,4775596
63MOONS,IT - Software/Consulting,Small Cap,2025-12-01,893.9,858.0,903.3,853.15,306493
63MOONS,IT - Software/Consulting,Small Cap,2025-12-01,857.95,869.0,873.5,853.3,249612
63MOONS,IT - Software/Consulting,Small Cap,2025-12-02,863.05,845.0,872.05,843.0,123403
63MOONS,IT - Software/Consulting,Small Cap,2025-12-02,845.05,853.15,857.85,838.0,131721
63MOONS,IT - Software/Consulting,Small Cap,2025-12-03,856.45,848.0,862.2,837.8,62422
63MOONS,IT - Software/Consulting,Small Cap,2025-12-03,846.35,842.15,849.0,840.5,46306
63MOONS,IT - Software/Consulting,Small Cap,2025-12-04,843.1,832.2,846.8,825.0,82670
63MOONS,IT - Software/Consulting,Small Cap,2025-12-04,832.25,819.0,834.5,816.15,61135
63MOONS,IT - Software/Consulting,Small Cap,2025-12-05,816.55,812.0,824.9,804.5,43262
63MOONS,IT - Software/Consulting,Small Cap,2025-12-05,812.0,805.9,818.5,804.0,41570
63MOONS,IT - Software/Consulting,Small Cap,2025-12-08,810.0,776.5,822.6,774.15,101963
63MOONS,IT - Software/Consulting,Small Cap,2025-12-08,777.4,765.95,777.4,760.5,99733
63MOONS,IT - Software/Consulting,Small Cap,2025-12-09,769.7,772.05,776.0,751.0,62829
63MOONS,IT - Software/Consulting,Small Cap,2025-12-09,773.0,774.3,778.0,763.65,75835
63MOONS,IT - Software/Consulting,Small Cap,2025-12-10,781.0,769.4,798.2,767.0,37669
63MOONS,IT - Software/Consulting,Small Cap,2025-12-10,768.25,765.35,769.85,762.0,36298
63MOONS,IT - Software/Consulting,Small Cap,2025-12-11,768.7,763.4,770.0,756.35,19422
63MOONS,IT - Software/Consulting,Small Cap,2025-12-11,764.3,763.2,781.2,757.0,90989
63MOONS,IT - Software/Consulting,Small Cap,2025-12-12,771.8,768.7,771.8,762.0,44644
63MOONS,IT - Software/Consulting,Small Cap,2025-12-12,768.7,761.0,769.45,757.95,42642
63MOONS,IT - Software/Consulting,Small Cap,2025-12-15,759.8,756.95,772.0,754.0,55534
63MOONS,IT - Software/Consulting,Small Cap,2025-12-15,756.9,768.65,773.15,755.8,46567
63MOONS,IT - Software/Consulting,Small Cap,2025-12-16,764.75,762.2,767.15,756.4,16540
63MOONS,IT - Software/Consulting,Small Cap,2025-12-16,762.2,758.9,765.2,755.1,21845
63MOONS,IT - Software/Consulting,Small Cap,2025-12-17,758.0,750.1,766.8,745.7,37632
63MOONS,IT - Software/Consulting,Small Cap,2025-12-17,750.0,739.9,750.0,735.0,42420
63MOONS,IT - Software/Consulting,Small Cap,2025-12-18,734.9,733.25,738.15,727.2,39742
63MOONS,IT - Software/Consulting,Small Cap,2025-12-18,733.8,730.65,734.25,729.0,18233
63MOONS,IT - Software/Consulting,Small Cap,2025-12-19,735.05,735.35,746.15,733.2,15814
63MOONS,IT - Software/Consulting,Small Cap,2025-12-19,735.6,752.0,754.8,734.0,40408
AAATECH,Others,Small Cap,2025-11-10,91.89,89.9,92.9,88.0,14500
AAATECH,Others,Small Cap,2025-11-10,89.8,90.63,90.85,89.15,375174
AAATECH,Others,Small Cap,2025-11-11,90.63,89.9,90.9,88.02,8398
AAATECH,Others,Small Cap,2025-11-11,89.89,88.03,89.9,87.35,9902
AAATECH,Others,Small Cap,2025-11-12,88.03,88.5,90.49,87.56,4532
AAATECH,Others,Small Cap,2025-11-12,88.51,88.32,89.8,88.0,8437
AAATECH,Others,Small Cap,2025-11-13,88.76,89.9,89.9,88.32,4062
AAATECH,Others,Small Cap,2025-11-13,89.9,89.77,90.2,89.51,4696
AAATECH,Others,Small Cap,2025-11-14,89.77,88.15,90.5,88.02,8874
AAATECH,Others,Small Cap,2025-11-14,88.25,89.44,90.79,88.1,8945
AAATECH,Others,Small Cap,2025-11-17,88.0,90.55,92.35,88.0,13553
AAATECH,Others,Small Cap,2025-11-17,90.56,90.83,91.2,90.05,1971
AAATECH,Others,Small Cap,2025-11-18,91.7,91.55,94.3,90.15,4420
AAATECH,Others,Small Cap,2025-11-18,92.99,92.85,93.9,92.01,11747
AAATECH,Others,Small Cap,2025-11-19,93.7,91.9,93.7,88.3,3974
AAATECH,Others,Small Cap,2025-11-19,90.5,91.5,91.9,89.9,4133
AAATECH,Others,Small Cap,2025-11-20,91.45,90.5,91.75,89.0,4653
AAATECH,Others,Small Cap,2025-11-20,89.5,90.29,91.05,88.5,9976
AAATECH,Others,Small Cap,2025-11-21,87.0,90.39,90.5,87.0,2595
AAATECH,Others,Small Cap,2025-11-21,90.35,89.21,90.39,89.0,1583
AAATECH,Others,Small Cap,2025-11-24,89.65,87.12,90.5,87.12,5356
AAATECH,Others,Small Cap,2025-11-24,87.35,89.25,90.0,87.15,892436
AAATECH,Others,Small Cap,2025-11-25,90.0,88.2,92.0,87.51,76251
AAATECH,Others,Small Cap,2025-11-25,89.7,89.6,89.7,89.0,87619
AAATECH,Others,Small Cap,2025-11-26,89.6,90.0,90.0,88.75,5596
AAATECH,Others,Small Cap,2025-11-26,90.0,89.52,90.45,88.75,7968
AAATECH,Others,Small Cap,2025-11-27,88.75,90.0,90.53,88.1,10787
AAATECH,Others,Small Cap,2025-11-27,90.0,90.07,90.35,87.96,13080
AAATECH,Others,Small Cap,2025-11-28,90.07,90.5,90.5,88.1,48625
AAATECH,Others,Small Cap,2025-11-28,91.25,91.0,91.25,90.0,17665
AAATECH,Others,Small Cap,2025-12-01,92.32,91.5,92.32,90.0,4395
AAATECH,Others,Small Cap,2025-12-01,91.7,93.03,93.5,91.1,13240
AAATECH,Others,Small Cap,2025-12-02,91.2,91.7,93.84,91.17,1058
AAATECH,Others,Small Cap,2025-12-02,91.7,91.86,92.8,91.2,4837
AAATECH,Others,Small Cap,2025-12-03,91.86,91.5,92.6,88.5,6529
AAATECH,Others,Small Cap,2025-12-03,90.1,90.68,91.5,90.1,1566
AAATECH,Others,Small Cap,2025-12-04,89.5,95.21,95.21,89.5,38788
AAATECH,Others,Small Cap,2025-12-04,95.21,95.21,95.21,95.21,3106
AAATECH,Others,Small Cap,2025-12-05,99.95,94.1,99.95,93.5,13581
AAATECH,Others,Small Cap,2025-12-05,96.8,96.83,97.1,93.5,14985
AAATECH,Others,Small Cap,2025-12-08,96.83,97.05,98.49,92.15,34508
AAATECH,Others,Small Cap,2025-12-08,97.05,97.78,98.49,97.0,5121
AAATECH,Others,Small Cap,2025-12-09,97.5,96.8,99.5,96.65,25371
AAATECH,Others,Small Cap,2025-12-09,97.1,96.98,99.0,96.52,6785
AAATECH,Others,Small Cap,2025-12-10,97.55,97.5,100.3,94.55,8515
AAATECH,Others,Small Cap,2025-12-10,97.5,95.26,97.5,94.9,1855
AAATECH,Others,Small Cap,2025-12-11,98.0,97.4,98.0,95.0,4347
AAATECH,Others,Small Cap,2025-12-11,97.0,96.96,97.9,95.56,5004
AAATECH,Others,Small Cap,2025-12-12,99.0,98.0,100.0,92.25,11613
AAATECH,Others,Small Cap,2025-12-12,98.0,98.2,98.98,97.0,4051
AAATECH,Others,Small Cap,2025-12-15,98.2,99.0,99.9,97.0,7409
AAATECH,Others,Small Cap,2025-12-15,98.6,99.31,99.8,98.6,5316
AAATECH,Others,Small Cap,2025-12-16,99.02,99.5,101.9,99.02,12213
AAATECH,Others,Small Cap,2025-12-16,101.3,100.43,101.4,99.5,4341
AAATECH,Others,Small Cap,2025-12-17,102.0,102.44,103.0,101.0,6167
AAATECH,Others,Small Cap,2025-12-17,99.5,99.06,102.0,97.52,3011
AAATECH,Others,Small Cap,2025-12-18,101.9,100.7,102.0,99.1,9003
AAATECH,Others,Small Cap,2025-12-18,100.7,99.88,100.7,99.75,1668
AAATECH,Others,Small Cap,2025-12-19,100.87,99.1,101.8,97.75,5036
AAATECH,Others,Small Cap,2025-12-19,99.0,99.59,99.9,99.0,2700
AAREYDRUGS,Healthcare - Pharma,Small Cap,2025-11-10,95.31,95.31,95.31,95.31,28672
AAREYDRUGS,Healthcare - Pharma,Small Cap,2025-11-10,99.2,98.99,99.2,98.99,79051
AAREYDRUGS,Healthcare - Pharma,Small Cap,2025-11-11,98.0,97.1,98.0,97.1,18079
AAREYDRUGS,Healthcare - Pharma,Small Cap,2025-11-11,98.0,97.1,98.0,97.1,23353
AAREYDRUGS,Healthcare - Pharma,Small Cap,2025-11-12,97.16,96.9,97.16,96.9,19850
AAREYDRUGS,Healthcare - Pharma,Small Cap,2025-11-12,96.9,96.9,96.9,96.9,8743
AAREYDRUGS,Healthcare - Pharma,Small Cap,2025-11-13,96.9,94.96,96.9,94.96,1196
AAREYDRUGS,Healthcare - Pharma,Small Cap,2025-11-13,94.96,96.9,96.9,94.96,33349
AAREYDRUGS,Healthcare - Pharma,Small Cap,2025-11-14,94.96,94.96,94.96,94.96,5981
AAREYDRUGS,Healthcare - Pharma,Small Cap,2025-11-14,96.9,96.0,96.9,96.0,26134
AAREYDRUGS,Healthcare - Pharma,Small Cap,2025-11-17,94.25,94.08,94.5,94.08,7202
AAREYDRUGS,Healthcare - Pharma,Small Cap,2025-11-17,94.08,97.0,97.0,94.08,25362
AAREYDRUGS,Healthcare - Pharma,Small Cap,2025-11-18,96.96,95.06,96.96,95.06,4018
AAREYDRUGS,Healthcare - Pharma,Small Cap,2025-11-18,95.06,95.06,95.06,95.06,203
AAREYDRUGS,Healthcare - Pharma,Small Cap,2025-11-19,93.15,93.15,93.15,93.15,848
AAREYDRUGS,Healthcare - Pharma,Small Cap,2025-11-19,93.15,96.5,96.5,93.15,50501
AAREYDRUGS,Healthcare - Pharma,Small Cap,2025-11-20,94.57,94.57,94.57,94.57,1162
AAREYDRUGS,Healthcare - Pharma,Small Cap,2025-11-20,94.57,94.57,94.57,94.57,2029
AAREYDRUGS,Healthcare - Pharma,Small Cap,2025-11-21,92.67,92.68,92.68,92.67,2033
AAREYDRUGS,Healthcare - Pharma,Small Cap,2025-11-21,92.67,92.67,92.67,92.67,100
AAREYDRUGS,Healthcare - Pharma,Small Cap,2025-11-24,88.1,88.03,90.0,88.03,9792
AAREYDRUGS,Healthcare - Pharma,Small Cap,2025-11-24,88.03,89.56,93.0,88.03,91430
AAREYDRUGS,Healthcare - Pharma,Small Cap,2025-11-25,88.0,87.5,89.89,85.99,6170
AAREYDRUGS,Healthcare - Pharma,Small Cap,2025-11-25,85.31,90.9,92.0,85.31,32512
AAREYDRUGS,Healthcare - Pharma,Small Cap,2025-11-26,90.9,90.4,90.9,88.5,2438
AAREYDRUGS,Healthcare - Pharma,Small Cap,2025-11-26,90.4,88.7,90.4,88.0,6863
AAREYDRUGS,Healthcare - Pharma,Small Cap,2025-11-27,89.0,86.1,89.0,86.1,4266
AAREYDRUGS,Healthcare - Pharma,Small Cap,2025-11-27,86.1,88.19,88.45,85.1,84286
AAREYDRUGS,Healthcare - Pharma,Small Cap,2025-11-28,88.49,84.3,88.49,83.78,20569
AAREYDRUGS,Healthcare - Pharma,Small Cap,2025-11-28,85.0,87.85,88.0,84.1,34522
AAREYDRUGS,Healthcare - Pharma,Small Cap,2025-12-01,87.4,84.5,87.4,83.6,48814
AAREYDRUGS,Healthcare - Pharma,Small Cap,2025-12-01,86.0,85.73,86.0,84.0,66908
AAREYDRUGS,Healthcare - Pharma,Small Cap,2025-12-02,85.73,81.44,86.2,81.44,55987
AAREYDRUGS,Healthcare - Pharma,Small Cap,2025-12-02,81.44,81.44,81.44,81.44,4836
AAREYDRUGS,Healthcare - Pharma,Small Cap,2025-12-03,77.61,77.36,77.62,77.36,1656
AAREYDRUGS,Healthcare - Pharma,Small Cap,2025-12-03,77.36,77.36,77.36,77.36,482
AAREYDRUGS,Healthcare - Pharma,Small Cap,2025-12-04,73.49,73.49,73.49,73.49,49204
AAREYDRUGS,Healthcare - Pharma,Small Cap,2025-12-04,73.49,78.57,79.35,73.49,254691
AAREYDRUGS,Healthcare - Pharma,Small Cap,2025-12-05,76.89,75.76,76.89,75.5,8240
AAREYDRUGS,Healthcare - Pharma,Small Cap,2025-12-05,75.76,75.62,76.0,74.88,27594
AAREYDRUGS,Healthcare - Pharma,Small Cap,2025-12-08,75.0,71.83,75.0,71.83,13693
AAREYDRUGS,Healthcare - Pharma,Small Cap,2025-12-08,71.83,71.83,71.83,71.83,693
AAREYDRUGS,Healthcare - Pharma,Small Cap,2025-12-09,68.24,68.24,70.9,68.24,22883
AAREYDRUGS,Healthcare - Pharma,Small Cap,2025-12-09,68.24,68.24,71.83,68.24,847
AAREYDRUGS,Healthcare - Pharma,Small Cap,2025-12-10,68.0,66.65,68.0,64.83,4369
AAREYDRUGS,Healthcare - Pharma,Small Cap,2025-12-10,66.6,65.28,67.0,64.85,28425
AAREYDRUGS,Healthcare - Pharma,Small Cap,2025-12-11,63.01,63.1,64.81,62.5,6966
AAREYDRUGS,Healthcare - Pharma,Small Cap,2025-12-11,63.29,67.07,67.78,63.29,26239
AAREYDRUGS,Healthcare - Pharma,Small Cap,2025-12-12,65.25,65.98,67.0,64.25,11768
AAREYDRUGS,Healthcare - Pharma,Small Cap,2025-12-12,65.96,67.17,67.49,65.96,15645
AAREYDRUGS,Healthcare - Pharma,Small Cap,2025-12-15,66.43,63.98,67.2,63.82,96078
AAREYDRUGS,Healthcare - Pharma,Small Cap,2025-12-15,63.82,65.34,66.59,63.82,571423
AAREYDRUGS,Healthcare - Pharma,Small Cap,2025-12-16,64.01,64.49,66.04,63.95,346341
AAREYDRUGS,Healthcare - Pharma,Small Cap,2025-12-16,64.5,67.66,67.9,64.5,258459
AAREYDRUGS,Healthcare - Pharma,Small Cap,2025-12-17,67.0,66.07,67.11,64.55,826094
AAREYDRUGS,Healthcare - Pharma,Small Cap,2025-12-17,66.25,68.05,69.23,65.55,195695
AAREYDRUGS,Healthcare - Pharma,Small Cap,2025-12-18,66.66,66.68,68.07,66.4,25843
AAREYDRUGS,Healthcare - Pharma,Small Cap,2025-12-18,66.76,66.34,66.82,65.41,39722
AAREYDRUGS,Healthcare - Pharma,Small Cap,2025-12-19,66.3,65.91,66.48,64.92,64676
AAREYDRUGS,Healthcare - Pharma,Small Cap,2025-12-19,65.87,68.51,69.65,65.68,91209
AARON,Engineering,Small Cap,2025-11-10,205.0,205.3,209.59,205.0,4785
AARON,Engineering,Small Cap,2025-11-10,205.0,205.01,205.4,205.0,5570
AARON,Engineering,Small Cap,2025-11-11,205.0,205.66,207.0,205.0,7607
AARON,Engineering,Small Cap,2025-11-11,205.66,205.24,205.68,199.99,8955
AARON,Engineering,Small Cap,2025-11-12,202.0,197.98,206.9,197.0,5770
AARON,Engineering,Small Cap,2025-11-12,197.65,198.47,198.84,197.53,4610
AARON,Engineering,Small Cap,2025-11-13,197.2,198.5,204.4,197.2,17326
AARON,Engineering,Small Cap,2025-11-13,199.01,198.2,199.79,197.0,5140
AARON,Engineering,Small Cap,2025-11-14,198.2,192.2,201.0,182.15,41389
AARON,Engineering,Small Cap,2025-11-14,192.2,192.0,196.78,192.0,15101
AARON,Engineering,Small Cap,2025-11-17,193.23,190.77,195.5,188.57,7717
AARON,Engineering,Small Cap,2025-11-17,190.75,188.65,190.84,187.27,10494
AARON,Engineering,Small Cap,2025-11-18,189.5,188.99,191.79,187.5,7166
AARON,Engineering,Small Cap,2025-11-18,188.98,186.52,190.43,186.5,8392
AARON,Engineering,Small Cap,2025-11-19,187.0,187.84,189.32,186.23,7090
AARON,Engineering,Small Cap,2025-11-19,187.87,186.63,187.89,185.0,4854
AARON,Engineering,Small Cap,2025-11-20,188.99,187.38,188.99,184.41,8328
AARON,Engineering,Small Cap,2025-11-20,186.41,194.0,196.0,186.23,9462
AARON,Engineering,Small Cap,2025-11-21,195.69,191.3,195.69,186.11,9761
AARON,Engineering,Small Cap,2025-11-21,191.3,196.33,205.0,190.99,22024
AARON,Engineering,Small Cap,2025-11-24,196.33,189.01,199.26,189.0,9525
AARON,Engineering,Small Cap,2025-11-24,190.2,188.45,191.4,187.0,7309
AARON,Engineering,Small Cap,2025-11-25,189.0,186.51,192.7,186.5,6455
AARON,Engineering,Small Cap,2025-11-25,187.31,187.54,187.7,186.03,2124
AARON,Engineering,Small Cap,2025-11-26,186.64,185.45,189.99,182.64,15051
AARON,Engineering,Small Cap,2025-11-26,185.31,184.5,185.85,183.0,6135
AARON,Engineering,Small Cap,2025-11-27,186.8,186.59,190.0,185.14,1696
AARON,Engineering,Small Cap,2025-11-27,186.59,186.55,187.98,186.0,2654
AARON,Engineering,Small Cap,2025-11-28,186.55,187.63,191.55,186.09,5396
AARON,Engineering,Small Cap,2025-11-28,187.87,186.2,189.34,186.0,5619
AARON,Engineering,Small Cap,2025-12-01,186.05,186.01,188.0,184.02,4370
AARON,Engineering,Small Cap,2025-12-01,186.76,183.0,186.76,183.0,4857
AARON,Engineering,Small Cap,2025-12-02,183.55,184.37,185.99,182.15,3313
AARON,Engineering,Small Cap,2025-12-02,184.39,183.4,184.59,183.0,1726
AARON,Engineering,Small Cap,2025-12-03,184.3,180.76,185.41,179.0,5478
AARON,Engineering,Small Cap,2025-12-03,179.81,178.93,180.56,178.0,7057
AARON,Engineering,Small Cap,2025-12-04,178.93,184.7,184.7,178.91,3950
AARON,Engineering,Small Cap,2025-12-04,184.75,185.02,185.96,183.17,4378
AARON,Engineering,Small Cap,2025-12-05,185.02,182.0,187.99,179.0,5152
AARON,Engineering,Small Cap,2025-12-05,181.09,180.3,181.94,180.0,4213
AARON,Engineering,Small Cap,2025-12-08,180.5,178.78,185.44,178.09,2058
AARON,Engineering,Small Cap,2025-12-08,178.78,176.75,178.95,176.1,4258
AARON,Engineering,Small Cap,2025-12-09,176.75,178.2,178.2,174.0,4821
AARON,Engineering,Small Cap,2025-12-09,178.2,178.52,179.0,176.75,1044
AARON,Engineering,Small Cap,2025-12-10,178.52,178.5,182.56,176.12,3545
AARON,Engineering,Small Cap,2025-12-10,178.02,177.12,179.68,177.05,2826
AARON,Engineering,Small Cap,2025-12-11,177.12,177.2,180.4,176.0,3532
AARON,Engineering,Small Cap,2025-12-11,176.5,177.14,178.98,176.5,1894
AARON,Engineering,Small Cap,2025-12-12,178.01,180.95,181.0,176.5,3171
AARON,Engineering,Small Cap,2025-12-12,180.86,182.97,184.0,180.0,3652
AARON,Engineering,Small Cap,2025-12-15,183.89,180.92,183.89,179.41,623
AARON,Engineering,Small Cap,2025-12-15,180.8,179.1,181.88,179.0,1102
AARON,Engineering,Small Cap,2025-12-16,180.4,179.65,182.38,177.64,4458
AARON,Engineering,Small Cap,2025-12-16,179.46,179.76,181.5,179.0,1789
AARON,Engineering,Small Cap,2025-12-17,179.5,179.29,182.7,178.0,1776
AARON,Engineering,Small Cap,2025-12-17,179.28,180.0,181.0,178.75,1032
AARON,Engineering,Small Cap,2025-12-18,180.0,178.08,180.0,177.01,421
AARON,Engineering,Small Cap,2025-12-18,178.02,177.16,178.69,176.05,2704
AARON,Engineering,Small Cap,2025-12-19,177.16,178.54,181.5,176.0,1634
AARON,Engineering,Small Cap,2025-12-19,178.0,176.05,179.0,176.0,7291
