Symbol,Sector,Market Cap
AGROPHOS,Agrichem - Fertilizers,Small Cap
ARIES,Agrichem - Fertilizers,Small Cap
BOHRAIND,Agrichem - Fertilizers,Small Cap
CHAMBLFERT,Agrichem - Fertilizers,Small Cap
COROMANDEL,Agrichem - Fertilizers,Mid Cap
DEEPAKFERT,Agrichem - Fertilizers,Small Cap
EIDPARRY,Agrichem - Fertilizers,Small Cap
FACT,Agrichem - Fertilizers,Mid Cap
GNFC,Agrichem - Fertilizers,Small Cap
GSFC,Agrichem - Fertilizers,Small Cap
KHAICHEM,Agrichem - Fertilizers,Small Cap
KRISHANA,Agrichem - Fertilizers,Small Cap
MADRASFERT,Agrichem - Fertilizers,Small Cap
MANGCHEFER,Agrichem - Fertilizers,Small Cap
MBAPL,Agrichem - Fertilizers,Small Cap
NFL,Agrichem - Fertilizers,Small Cap
PARADEEP,Agrichem - Fertilizers,Small Cap
RAMAPHO,Agrichem - Fertilizers,Small Cap
RCF,Agrichem - Fertilizers,Small Cap
SPIC,Agrichem - Fertilizers,Small Cap
ZUARI,Agrichem - Fertilizers,Small Cap
ACE,Auto - CV,Small Cap
ASHOKLEY,Auto - CV,Mid Cap
ATULAUTO,Auto - CV,Small Cap
SANGHVIMOV,Auto - CV,Small Cap
SMLISUZU,Auto - CV,Small Cap
AARVEEDEN,Textile - Apparels,Small Cap
ARVINDFASN,Textile - Apparels,Small Cap
ARVIND,Textile - Apparels,Small Cap
BANG,Textile - Apparels,Small Cap
CANTABIL,Textile - Apparels,Small Cap
CREATIVE,Textile - Apparels,Small Cap
GOCOLORS,Textile - Apparels,Small Cap
GOKEX,Textile - Apparels,Small Cap
INDTERRAIN,Textile - Apparels,Small Cap
IRISDOREME,Textile - Apparels,Small Cap
KKCL,Textile - Apparels,Small Cap
KITEX,Textile - Apparels,Small Cap
KPRMILL,Textile - Apparels,Mid Cap
MONTECARLO,Textile - Apparels,Small Cap
JAIPURKURT,Textile - Apparels,Small Cap
PGIL,Textile - Apparels,Small Cap
RAYMOND,Textile - Apparels,Small Cap
SPAL,Textile - Apparels,Small Cap
THOMASCOTT,Textile - Apparels,Small Cap
MANYAVAR,Textile - Apparels,Mid Cap
ZODIACLOTH,Textile - Apparels,Small Cap
DIVGIITTS,Auto - Misc,Small Cap
ESCORTS,Auto - Misc,Mid Cap
IMPAL,Auto - Misc,Small Cap
JBMA,Auto - Misc,Small Cap
LANDMARK,Auto - Misc,Small Cap
PAVNAIND,Auto - Misc,Small Cap
RANEHOLDIN,Auto - Misc,Small Cap
URAVIDEF,Auto - Misc,Small Cap
VSTTILLERS,Auto - Misc,Small Cap
ALICON,Auto - OEM Suppliers,Small Cap
ASAHIINDIA,Auto - OEM Suppliers,Small Cap
AUTOIND,Auto - OEM Suppliers,Small Cap
CRAFTSMAN,Auto - OEM Suppliers,Small Cap
ENDURANCE,Auto - OEM Suppliers,Mid Cap
FIEMIND,Auto - OEM Suppliers,Small Cap
FOCUS,Auto - OEM Suppliers,Small Cap
GNA,Auto - OEM Suppliers,Small Cap
HINDCOMPOS,Auto - OEM Suppliers,Small Cap
IGARASHI,Auto - OEM Suppliers,Small Cap
INDNIPPON,Auto - OEM Suppliers,Small Cap
JMA,Auto - OEM Suppliers,Small Cap
LGBBROSLTD,Auto - OEM Suppliers,Small Cap
CIEINDIA,Auto - OEM Suppliers,Mid Cap
MINDACORP,Auto - OEM Suppliers,Small Cap
UNOMINDA,Auto - OEM Suppliers,Mid Cap
MSUMI,Auto - OEM Suppliers,Mid Cap
MUNJALAU,Auto - OEM Suppliers,Small Cap
NDRAUTO,Auto - OEM Suppliers,Small Cap
OMAXAUTO,Auto - OEM Suppliers,Small Cap
PPAP,Auto - OEM Suppliers,Small Cap
PRECAM,Auto - OEM Suppliers,Small Cap
PRICOLLTD,Auto - OEM Suppliers,Small Cap
RAJRATAN,Auto - OEM Suppliers,Small Cap
RML,Auto - OEM Suppliers,Small Cap
RICOAUTO,Auto - OEM Suppliers,Small Cap
ROLEXRINGS,Auto - OEM Suppliers,Small Cap
SANDHAR,Auto - OEM Suppliers,Small Cap
SANSERA,Auto - OEM Suppliers,Small Cap
SHANTIGEAR,Auto - OEM Suppliers,Small Cap
SHARDAMOTR,Auto - OEM Suppliers,Small Cap
SHIVAMAUTO,Auto - OEM Suppliers,Small Cap
SHRIPISTON,Auto - OEM Suppliers,Small Cap
SINTERCOM,Auto - OEM Suppliers,Small Cap
SJS,Auto - OEM Suppliers,Small Cap
SONACOMS,Auto - OEM Suppliers,Mid Cap
STERTOOLS,Auto - OEM Suppliers,Small Cap
SUNDRMFAST,Auto - OEM Suppliers,Mid Cap
SUPRAJIT,Auto - OEM Suppliers,Small Cap
TALBROAUTO,Auto - OEM Suppliers,Small Cap
VARROC,Auto - OEM Suppliers,Small Cap
ZFCVINDIA,Auto - OEM Suppliers,Mid Cap
WHEELS,Auto - OEM Suppliers,Small Cap
FORCEMOT,Auto - PV/Trucks,Small Cap
M&M,Auto - PV/Trucks,Large Cap
MARUTI,Auto - PV/Trucks,Large Cap
OLECTRA,Auto - PV/Trucks,Small Cap
TATAMOTORS,Auto - PV/Trucks,Large Cap
AUTOAXLES,Auto - Replacement,Small Cap
ASAL,Auto - Replacement,Small Cap
BANCOINDIA,Auto - Replacement,Small Cap
BHARATGEAR,Auto - Replacement,Small Cap
BOSCHLTD,Auto - Replacement,Large Cap
FMGOETZE,Auto - Replacement,Small Cap
GABRIEL,Auto - Replacement,Small Cap
HITECHGEAR,Auto - Replacement,Small Cap
JAMNAAUTO,Auto - Replacement,Small Cap
JAYBARMARU,Auto - Replacement,Small Cap
JTEKTINDIA,Auto - Replacement,Small Cap
LUMAXIND,Auto - Replacement,Small Cap
LUMAXTECH,Auto - Replacement,Small Cap
MOTHERSON,Auto - Replacement,Large Cap
MUNJALSHOW,Auto - Replacement,Small Cap
SSWL,Auto - Replacement,Small Cap
SUBROS,Auto - Replacement,Small Cap
SUNDRMBRAK,Auto - Replacement,Small Cap
TVSHLTD,Auto - Replacement,Small Cap
UCAL,Auto - Replacement,Small Cap
APOLLOTYRE,Auto - Tyres,Mid Cap
BALKRISIND,Auto - Tyres,Mid Cap
CEATLTD,Auto - Tyres,Small Cap
JKTYRE,Auto - Tyres,Small Cap
MRF,Auto - Tyres,Mid Cap
TVSSRICHAK,Auto - Tyres,Small Cap
ARE&M,Batteries,Small Cap
EVEREADY,Batteries,Small Cap
EXIDEIND,Batteries,Mid Cap
NIPPOBATRY,Batteries,Small Cap
ASALCBR,Beverages - Alcohol,Small Cap
GLOBUSSPR,Beverages - Alcohol,Small Cap
GMBREW,Beverages - Alcohol,Small Cap
IFBAGRO,Beverages - Alcohol,Small Cap
RADICO,Beverages - Alcohol,Mid Cap
RKDL,Beverages - Alcohol,Small Cap
SDBL,Beverages - Alcohol,Small Cap
SULA,Beverages - Alcohol,Small Cap
TI,Beverages - Alcohol,Small Cap
UBL,Beverages - Alcohol,Mid Cap
UNITDSPR,Beverages - Alcohol,Large Cap
ARVEE,Chemicals - Bulk,Small Cap
ACI,Chemicals - Bulk,Small Cap
ANDHRSUGAR,Chemicals - Bulk,Small Cap
CHEMFAB,Chemicals - Bulk,Small Cap
CHEMPLASTS,Chemicals - Bulk,Small Cap
CLEAN,Chemicals - Bulk,Mid Cap
DIAMINESQ,Chemicals - Bulk,Small Cap
GHCL,Chemicals - Bulk,Small Cap
GUJALKALI,Chemicals - Bulk,Small Cap
GULPOLY,Chemicals - Bulk,Small Cap
IGPL,Chemicals - Bulk,Small Cap
INDIAGLYCO,Chemicals - Bulk,Small Cap
INDOBORAX,Chemicals - Bulk,Small Cap
IVP,Chemicals - Bulk,Small Cap
JOCIL,Chemicals - Bulk,Small Cap
KANORICHEM,Chemicals - Bulk,Small Cap
LORDSCHLO,Chemicals - Bulk,Small Cap
MANORG,Chemicals - Bulk,Small Cap
NAVINFLUOR,Chemicals - Bulk,Mid Cap
PCBL,Chemicals - Bulk,Small Cap
SRHHYPOLTD,Chemicals - Bulk,Small Cap
TATACHEM,Chemicals - Bulk,Mid Cap
TIRUMALCHM,Chemicals - Bulk,Small Cap
AKSHARCHEM,Chemicals - Dyes,Small Cap
ASAHISONG,Chemicals - Dyes,Small Cap
BHAGERIA,Chemicals - Dyes,Small Cap
BODALCHEM,Chemicals - Dyes,Small Cap
HEUBACHIND,Chemicals - Dyes,Small Cap
DYNPRO,Chemicals - Dyes,Small Cap
HPIL,Chemicals - Dyes,Small Cap
KIRIINDUS,Chemicals - Dyes,Small Cap
PODDARMENT,Chemicals - Dyes,Small Cap
SHREEPUSHK,Chemicals - Dyes,Small Cap
SUDARSCHEM,Chemicals - Dyes,Small Cap
VIDHIING,Chemicals - Dyes,Small Cap
ASTEC,Agrichem - Protection,Small Cap
BAYERCROP,Agrichem - Protection,Mid Cap
BESTAGRO,Agrichem - Protection,Small Cap
BHAGCHEM,Agrichem - Protection,Small Cap
BHARATRAS,Agrichem - Protection,Small Cap
DHANUKA,Agrichem - Protection,Small Cap
DHARMAJ,Agrichem - Protection,Small Cap
HERANBA,Agrichem - Protection,Small Cap
IPL,Agrichem - Protection,Small Cap
INSECTICID,Agrichem - Protection,Small Cap
MOL,Agrichem - Protection,Small Cap
NACLIND,Agrichem - Protection,Small Cap
PIIND,Agrichem - Protection,Mid Cap
PUNJABCHEM,Agrichem - Protection,Small Cap
RALLIS,Agrichem - Protection,Small Cap
SHARDACROP,Agrichem - Protection,Small Cap
SHIVALIK,Agrichem - Protection,Small Cap
SIKKO,Agrichem - Protection,Small Cap
SUMICHEM,Agrichem - Protection,Mid Cap
UPL,Agrichem - Protection,Large Cap
DICIND,Chemicals - Misc,Small Cap
FLEXITUFF,Chemicals - Misc,Small Cap
LINDEINDIA,Chemicals - Misc,Mid Cap
PEARLPOLY,Chemicals - Misc,Small Cap
REFEX,Chemicals - Misc,Small Cap
UNIENTER,Chemicals - Misc,Small Cap
VINYLINDIA,Chemicals - Misc,Small Cap
AGARIND,Chemicals - Petro,Small Cap
DCW,Chemicals - Petro,Small Cap
DVL,Chemicals - Petro,Small Cap
KOTHARIPET,Chemicals - Petro,Small Cap
MANALIPETC,Chemicals - Petro,Small Cap
PASUPTAC,Chemicals - Petro,Small Cap
RAIN,Chemicals - Petro,Small Cap
SPLPETRO,Chemicals - Petro,Small Cap
TNPETRO,Chemicals - Petro,Small Cap
AARTIIND,Chemicals - Specialty,Mid Cap
AARTISURF,Chemicals - Specialty,Small Cap
AETHER,Chemicals - Specialty,Small Cap
ALKALI,Chemicals - Specialty,Small Cap
ALKYLAMINE,Chemicals - Specialty,Small Cap
ANURAS,Chemicals - Specialty,Small Cap
ATUL,Chemicals - Specialty,Mid Cap
BALAMINES,Chemicals - Specialty,Small Cap
BASF,Chemicals - Specialty,Small Cap
BEPL,Chemicals - Specialty,Small Cap
CAMLINFINE,Chemicals - Specialty,Small Cap
CHEMBOND,Chemicals - Specialty,Small Cap
CHEMCON,Chemicals - Specialty,Small Cap
DEEPAKNTR,Chemicals - Specialty,Mid Cap
DMCC,Chemicals - Specialty,Small Cap
EXCELINDUS,Chemicals - Specialty,Small Cap
FAIRCHEMOR,Chemicals - Specialty,Small Cap
FINEORG,Chemicals - Specialty,Small Cap
FCL,Chemicals - Specialty,Small Cap
FLUOROCHEM,Chemicals - Specialty,Mid Cap
FOSECOIND,Chemicals - Specialty,Small Cap
GALAXYSURF,Chemicals - Specialty,Small Cap
GODREJIND,Chemicals - Specialty,Small Cap
HINDCON,Chemicals - Specialty,Small Cap
HPAL,Chemicals - Specialty,Small Cap
HSCL,Chemicals - Specialty,Small Cap
INDOAMIN,Chemicals - Specialty,Small Cap
STYRENIX,Chemicals - Specialty,Small Cap
JAYAGROGN,Chemicals - Specialty,Small Cap
JUBLINGREA,Chemicals - Specialty,Small Cap
LXCHEM,Chemicals - Specialty,Small Cap
EPIGRAL,Chemicals - Specialty,Small Cap
NEOGEN,Chemicals - Specialty,Small Cap
NOCIL,Chemicals - Specialty,Small Cap
OAL,Chemicals - Specialty,Small Cap
PIDILITIND,Chemicals - Specialty,Large Cap
PLASTIBLEN,Chemicals - Specialty,Small Cap
PRIVISCL,Chemicals - Specialty,Small Cap
ROSSARI,Chemicals - Specialty,Small Cap
SRF,Chemicals - Specialty,Large Cap
TATVA,Chemicals - Specialty,Small Cap
VALIANTORG,Chemicals - Specialty,Small Cap
VINATIORGA,Chemicals - Specialty,Mid Cap
VISHNU,Chemicals - Specialty,Small Cap
YASHO,Chemicals - Specialty,Small Cap
CARYSIL,Consumption - Appliances,Small Cap
AMBER,Consumption - Appliances,Small Cap
BAJAJELEC,Consumption - Appliances,Small Cap
BUTTERFLY,Consumption - Appliances,Small Cap
BLUESTARCO,Consumption - Appliances,Small Cap
CROMPTON,Consumption - Appliances,Mid Cap
ELIN,Consumption - Appliances,Small Cap
IFBIND,Consumption - Appliances,Small Cap
JCHAC,Consumption - Appliances,Small Cap
ORIENTELEC,Consumption - Appliances,Small Cap
STOVEKRAFT,Consumption - Appliances,Small Cap
SYMPHONY,Consumption - Appliances,Small Cap
TTKPRESTIG,Consumption - Appliances,Small Cap
VGUARD,Consumption - Appliances,Small Cap
VOLTAS,Consumption - Appliances,Mid Cap
WHIRLPOOL,Consumption - Appliances,Mid Cap
WEL,Consumption - Appliances,Small Cap
DODLA,Consumption - Dairy,Small Cap
HATSUN,Consumption - Dairy,Mid Cap
HERITGFOOD,Consumption - Dairy,Small Cap
PARAGMILK,Consumption - Dairy,Small Cap
SCPL,Consumption - Dairy,Small Cap
VADILALIND,Consumption - Dairy,Small Cap
BPL,Consumption - Electronics,Small Cap
DIXON,Consumption - Electronics,Mid Cap
HAVELLS,Consumption - Electronics,Large Cap
HPL,Consumption - Electronics,Small Cap
IKIO,Consumption - Electronics,Small Cap
KHAITANLTD,Consumption - Electronics,Small Cap
MIRCELECTR,Consumption - Electronics,Small Cap
PGEL,Consumption - Electronics,Small Cap
VETO,Consumption - Electronics,Small Cap
BECTORFOOD,Consumption - FMCG,Small Cap
BBTC,Consumption - FMCG,Small Cap
BRITANNIA,Consumption - FMCG,Large Cap
DIAMONDYD,Consumption - FMCG,Small Cap
EIFFL,Consumption - FMCG,Small Cap
FOODSIN,Consumption - FMCG,Small Cap
HINDUNILVR,Consumption - FMCG,Large Cap
NESTLEIND,Consumption - FMCG,Large Cap
PALASHSECU,Consumption - FMCG,Small Cap
TASTYBITE,Consumption - FMCG,Small Cap
ZYDUSWELL,Consumption - FMCG,Small Cap
BATAINDIA,Consumption - Footwear,Mid Cap
CAMPUS,Consumption - Footwear,Small Cap
KHADIM,Consumption - Footwear,Small Cap
LIBERTSHOE,Consumption - Footwear,Small Cap
METROBRAND,Consumption - Footwear,Mid Cap
REDTAPE,Consumption - Footwear,Small Cap
RELAXO,Consumption - Footwear,Mid Cap
SREEL,Consumption - Footwear,Small Cap
BANARBEADS,Consumption - Jewelry,Small Cap
DPABHUSHAN,Consumption - Jewelry,Small Cap
ETHOSLTD,Consumption - Jewelry,Small Cap
GOLDIAM,Consumption - Jewelry,Small Cap
KALYANKJIL,Consumption - Jewelry,Small Cap
KDDL,Consumption - Jewelry,Small Cap
MVGJL,Consumption - Jewelry,Small Cap
RADHIKAJWE,Consumption - Jewelry,Small Cap
RAJESHEXPO,Consumption - Jewelry,Mid Cap
RGL,Consumption - Jewelry,Small Cap
SENCO,Consumption - Jewelry,Small Cap
SILGO,Consumption - Jewelry,Small Cap
SKYGOLD,Consumption - Jewelry,Small Cap
TBZ,Consumption - Jewelry,Small Cap
THANGAMAYL,Consumption - Jewelry,Small Cap
TITAN,Consumption - Jewelry,Large Cap
VAIBHAVGBL,Consumption - Jewelry,Small Cap
SAFARI,Consumption - Luggage,Small Cap
VIPIND,Consumption - Luggage,Small Cap
AWL,Agri - Edible Oil,Large Cap
SUNDROP,Agri - Edible Oil,Small Cap
BCLIND,Agri - Edible Oil,Small Cap
GOKULAGRO,Agri - Edible Oil,Small Cap
GOKUL,Agri - Edible Oil,Small Cap
KRITINUT,Agri - Edible Oil,Small Cap
MARICO,Agri - Edible Oil,Large Cap
NKIND,Agri - Edible Oil,Small Cap
ROML,Agri - Edible Oil,Small Cap
PATANJALI,Agri - Edible Oil,Mid Cap
ADFFOODS,Consumption - Misc,Small Cap
AMBICAAGAR,Consumption - Misc,Small Cap
APEX,Consumption - Misc,Small Cap
AVROIND,Consumption - Misc,Small Cap
BIKAJI,Consumption - Misc,Small Cap
BOROLTD,Consumption - Misc,Small Cap
BCONCEPTS,Consumption - Misc,Small Cap
COASTCORP,Consumption - Misc,Small Cap
GODFRYPHLP,Consumption - Misc,Small Cap
HMAAGRO,Consumption - Misc,Small Cap
HNDFDS,Consumption - Misc,Small Cap
ITC,Consumption - Misc,Large Cap
JINDALPHOT,Consumption - Misc,Small Cap
JYOTHYLAB,Consumption - Misc,Small Cap
KOKUYOCMLN,Consumption - Misc,Small Cap
LAOPALA,Consumption - Misc,Small Cap
LINC,Consumption - Misc,Small Cap
MEGASTAR,Consumption - Misc,Small Cap
NGIL,Consumption - Misc,Small Cap
NILKAMAL,Consumption - Misc,Small Cap
SKMEGGPROD,Consumption - Misc,Small Cap
TATACONSUM,Consumption - Misc,Large Cap
TOKYOPLAST,Consumption - Misc,Small Cap
UNIVPHOTO,Consumption - Misc,Small Cap
VBL,Consumption - Misc,Large Cap
VENKEYS,Consumption - Misc,Small Cap
VSTIND,Consumption - Misc,Small Cap
AKZOINDIA,Consumption - Paints,Small Cap
ASIANPAINT,Consumption - Paints,Large Cap
BERGEPAINT,Consumption - Paints,Large Cap
INDIGOPNTS,Consumption - Paints,Small Cap
KANSAINER,Consumption - Paints,Mid Cap
SHALPAINTS,Consumption - Paints,Small Cap
SIRCA,Consumption - Paints,Small Cap
BAJAJCON,Consumption - Personal,Small Cap
COLPAL,Consumption - Personal,Mid Cap
CUPID,Consumption - Personal,Small Cap
DABUR,Consumption - Personal,Large Cap
EMAMILTD,Consumption - Personal,Mid Cap
GILLETTE,Consumption - Personal,Mid Cap
GODREJCP,Consumption - Personal,Large Cap
PGHH,Consumption - Personal,Mid Cap
SHK,Consumption - Personal,Small Cap
ABFRL,Consumption - Retail,Mid Cap
DMART,Consumption - Retail,Large Cap
EMIL,Consumption - Retail,Small Cap
OSIAHYPER,Consumption - Retail,Small Cap
SHOPERSTOP,Consumption - Retail,Small Cap
SPENCERS,Consumption - Retail,Small Cap
TRENT,Consumption - Retail,Mid Cap
V2RETAIL,Consumption - Retail,Small Cap
VMART,Consumption - Retail,Small Cap
BDL,Defense - Misc,Mid Cap
BEML,Defense - Misc,Small Cap
BEL,Defense - Misc,Large Cap
DYNAMATECH,Defense - Misc,Small Cap
GOCLCORP,Defense - Misc,Small Cap
HAL,Defense - Misc,Small Cap
MIDHANI,Defense - Misc,Small Cap
MTARTECH,Defense - Misc,Small Cap
PARAS,Defense - Misc,Small Cap
PREMEXPLN,Defense - Misc,Small Cap
ROSSELLIND,Defense - Misc,Small Cap
SOLARINDS,Defense - Misc,Mid Cap
COCHINSHIP,Defense - Ship Building,Small Cap
GRSE,Defense - Ship Building,Small Cap
MAZDOCK,Defense - Ship Building,Mid Cap
APOLLO,Defense - Technology,Small Cap
ASTRAMICRO,Defense - Technology,Small Cap
DATAPATTNS,Defense - Technology,Small Cap
DCXINDIA,Defense - Technology,Small Cap
IDEAFORGE,Defense - Technology,Small Cap
ZENTEC,Defense - Technology,Small Cap
AVALON,Electronic - Equipment,Small Cap
CENTUM,Electronic - Equipment,Small Cap
CYIENTDLM,Electronic - Equipment,Small Cap
ELECON,Electronic - Equipment,Small Cap
GENUSPOWER,Electronic - Equipment,Small Cap
HIRECT,Electronic - Equipment,Small Cap
HONAUT,Electronic - Equipment,Mid Cap
KABRAEXTRU,Electronic - Equipment,Small Cap
KAYNES,Electronic - Equipment,Small Cap
MARINE,Electronic - Equipment,Small Cap
MICEL,Electronic - Equipment,Small Cap
NITIRAJ,Electronic - Equipment,Small Cap
PITTIENG,Electronic - Equipment,Small Cap
RISHABH,Electronic - Equipment,Small Cap
SERVOTECH,Electronic - Equipment,Small Cap
SBCL,Electronic - Equipment,Small Cap
SYRMA,Electronic - Equipment,Small Cap
AARON,Engineering,Small Cap
ADOR,Engineering,Small Cap
ANUP,Engineering,Small Cap
ATAM,Engineering,Small Cap
AWHCL,Engineering,Small Cap
BANKA,Engineering,Small Cap
CARBORUNIV,Engineering,Mid Cap
CROWN,Engineering,Small Cap
DREDGECORP,Engineering,Small Cap
EIMCOELECO,Engineering,Small Cap
ESABINDIA,Engineering,Small Cap
GMMPFAUDLR,Engineering,Small Cap
GRINDWELL,Engineering,Mid Cap
GUJAPOLLO,Engineering,Small Cap
HARSHA,Engineering,Small Cap
HERCULES,Engineering,Small Cap
HLEGLAS,Engineering,Small Cap
HONDAPOWER,Engineering,Small Cap
INDIANHUME,Engineering,Small Cap
INTLCONV,Engineering,Small Cap
ISGEC,Engineering,Small Cap
JASH,Engineering,Small Cap
LMW,Engineering,Small Cap
LOKESHMACH,Engineering,Small Cap
MACPOWER,Engineering,Small Cap
MANUGRAPH,Engineering,Small Cap
MAZDA,Engineering,Small Cap
OMINFRAL,Engineering,Small Cap
PENIND,Engineering,Small Cap
PIGL,Engineering,Small Cap
PRAJIND,Engineering,Small Cap
REMSONSIND,Engineering,Small Cap
REPL,Engineering,Small Cap
SEMAC,Engineering,Small Cap
SOMICONVEY,Engineering,Small Cap
TECHNOE,Engineering,Small Cap
TEGA,Engineering,Small Cap
THEJO,Engineering,Small Cap
TIL,Engineering,Small Cap
TRF,Engineering,Small Cap
UNIPARTS,Engineering,Small Cap
UNIDT,Engineering,Small Cap
UNIVASTU,Engineering,Small Cap
VASCONEQ,Engineering,Small Cap
WALCHANNAG,Engineering,Small Cap
WENDT,Engineering,Small Cap
WINDMACHIN,Engineering,Small Cap
WSI,Engineering,Small Cap
ZODIAC,Engineering,Small Cap
ABSLAMC,Financials - AMC,Small Cap
HDFCAMC,Financials - AMC,Mid Cap
NAM-INDIA,Financials - AMC,Small Cap
NUVAMA,Financials - AMC,Small Cap
UTIAMC,Financials - AMC,Small Cap
VLSFINANCE,Financials - AMC,Small Cap
AGRITECH,Agri - Misc,Small Cap
AVTNPL,Agri - Misc,Small Cap
GRMOVER,Agri - Misc,Small Cap
GAEL,Agri - Misc,Small Cap
JISLJALEQS,Agri - Misc,Small Cap
KOHINOOR,Agri - Misc,Small Cap
MANORAMA,Agri - Misc,Small Cap
OSWALAGRO,Agri - Misc,Small Cap
SUKHJITS,Agri - Misc,Small Cap
UMAEXPORTS,Agri - Misc,Small Cap
5PAISA,Financials - Broking,Small Cap
BIRLAMONEY,Financials - Broking,Small Cap
ANGELONE,Financials - Broking,Small Cap
ARIHANTCAP,Financials - Broking,Small Cap
DBSTOCKBRO,Financials - Broking,Small Cap
EMKAY,Financials - Broking,Small Cap
GEOJITFSL,Financials - Broking,Small Cap
IIFLCAPS,Financials - Broking,Small Cap
INDBANK,Financials - Broking,Small Cap
INDOTHAI,Financials - Broking,Small Cap
KHANDSE,Financials - Broking,Small Cap
MONARCH,Financials - Broking,Small Cap
MOTILALOFS,Financials - Broking,Small Cap
SHAREINDIA,Financials - Broking,Small Cap
SMCGLOBAL,Financials - Broking,Small Cap
STEELCITY,Financials - Broking,Small Cap
AAVAS,Financials - Housing,Small Cap
APTUS,Financials - Housing,Small Cap
CANFINHOME,Financials - Housing,Small Cap
CORALFINAC,Financials - Housing,Small Cap
GICHSGFIN,Financials - Housing,Small Cap
HOMEFIRST,Financials - Housing,Small Cap
HUDCO,Financials - Housing,Small Cap
SAMMAANCAP,Financials - Housing,Small Cap
LICHSGFIN,Financials - Housing,Mid Cap
PNBHOUSING,Financials - Housing,Small Cap
REPCOHOME,Financials - Housing,Small Cap
SRGHFL,Financials - Housing,Small Cap
HDFCLIFE,Financials - Life,Large Cap
ICICIPRULI,Financials - Life,Large Cap
LICI,Financials - Life,Large Cap
MFSL,Financials - Life,Mid Cap
SBILIFE,Financials - Life,Large Cap
CHOLAFIN,Financials - MFI,Large Cap
CREDITACC,Financials - MFI,Mid Cap
FUSION,Financials - MFI,Small Cap
SATIN,Financials - MFI,Small Cap
SPANDANA,Financials - MFI,Small Cap
21STCENMGM,Financials - Misc,Small Cap
360ONE,Financials - Misc,Mid Cap
3PLAND,Financials - Misc,Small Cap
ABCAPITAL,Financials - Misc,Mid Cap
ANANDRATHI,Financials - Misc,Small Cap
BAJAJFINSV,Financials - Misc,Large Cap
BAJAJHLDNG,Financials - Misc,Large Cap
BFINVEST,Financials - Misc,Small Cap
OSWALGREEN,Financials - Misc,Small Cap
CENTRUM,Financials - Misc,Small Cap
CHOICEIN,Financials - Misc,Small Cap
CHOLAHLDNG,Financials - Misc,Small Cap
DHUNINV,Financials - Misc,Small Cap
DOLATALGO,Financials - Misc,Small Cap
DELPHIFX,Financials - Misc,Small Cap
EDELWEISS,Financials - Misc,Small Cap
GKWLIMITED,Financials - Misc,Small Cap
HEXATRADEX,Financials - Misc,Small Cap
DHANI,Financials - Misc,Small Cap
JPOLYINVST,Financials - Misc,Small Cap
JMFINANCIL,Financials - Misc,Small Cap
JSWHL,Financials - Misc,Small Cap
KICL,Financials - Misc,Small Cap
KEYFINSERV,Financials - Misc,Small Cap
MAHAPEXLTD,Financials - Misc,Small Cap
MAHSCOOTER,Financials - Misc,Small Cap
MASKINVEST,Financials - Misc,Small Cap
MAXIND,Financials - Misc,Small Cap
MOTOGENFIN,Financials - Misc,Small Cap
NAGREEKCAP,Financials - Misc,Small Cap
NAHARCAP,Financials - Misc,Small Cap
PILANIINVS,Financials - Misc,Small Cap
PNBGILTS,Financials - Misc,Small Cap
PRIMESECU,Financials - Misc,Small Cap
PRUDENT,Financials - Misc,Small Cap
RELIGARE,Financials - Misc,Small Cap
SILINV,Financials - Misc,Small Cap
STEL,Financials - Misc,Small Cap
SUNDARMHLD,Financials - Misc,Small Cap
TATAINVEST,Financials - Misc,Small Cap
THEINVEST,Financials - Misc,Small Cap
TFCILTD,Financials - Misc,Small Cap
WELINV,Financials - Misc,Small Cap
WILLAMAGOR,Financials - Misc,Small Cap
ARMANFIN,Financials - NBFC,Small Cap
BAJFINANCE,Financials - NBFC,Large Cap
CAPTRUST,Financials - NBFC,Small Cap
CGCL,Financials - NBFC,Small Cap
CONSOFINVT,Financials - NBFC,Small Cap
CREST,Financials - NBFC,Small Cap
CSLFINANCE,Financials - NBFC,Small Cap
FIVESTAR,Financials - NBFC,Mid Cap
HBSL,Financials - NBFC,Small Cap
IFCI,Financials - NBFC,Small Cap
IIFL,Financials - NBFC,Mid Cap
IITL,Financials - NBFC,Small Cap
INDOSTAR,Financials - NBFC,Small Cap
JIOFIN,Financials - NBFC,Small Cap
LTF,Financials - NBFC,Mid Cap
POONAWALLA,Financials - NBFC,Mid Cap
MANAPPURAM,Financials - NBFC,Small Cap
MASFIN,Financials - NBFC,Small Cap
M&MFIN,Financials - NBFC,Mid Cap
MUTHOOTCAP,Financials - NBFC,Small Cap
MUTHOOTFIN,Financials - NBFC,Mid Cap
NDGL,Financials - NBFC,Small Cap
NBIFIN,Financials - NBFC,Small Cap
NSIL,Financials - NBFC,Small Cap
PAISALO,Financials - NBFC,Small Cap
PFC,Financials - NBFC,Mid Cap
PFS,Financials - NBFC,Small Cap
RECLTD,Financials - NBFC,Mid Cap
SBFC,Financials - NBFC,Small Cap
SBICARD,Financials - NBFC,Large Cap
SHRIRAMFIN,Financials - NBFC,Mid Cap
STARTECK,Financials - NBFC,Small Cap
SUMMITSEC,Financials - NBFC,Small Cap
SUNDARMFIN,Financials - NBFC,Mid Cap
TEAMGTY,Financials - NBFC,Small Cap
UGROCAP,Financials - NBFC,Small Cap
VHL,Financials - NBFC,Small Cap
GICRE,Financials - Non-Life,Mid Cap
ICICIGI,Financials - Non-Life,Large Cap
NIACL,Financials - Non-Life,Mid Cap
STARHEALTH,Financials - Non-Life,Mid Cap
AUBANK,Financials - Private Bank,Mid Cap
AXISBANK,Financials - Private Bank,Large Cap
BANDHANBNK,Financials - Private Bank,Mid Cap
CUB,Financials - Private Bank,Small Cap
CSBBANK,Financials - Private Bank,Small Cap
DCBBANK,Financials - Private Bank,Small Cap
DHANBANK,Financials - Private Bank,Small Cap
EQUITASBNK,Financials - Private Bank,Small Cap
FEDERALBNK,Financials - Private Bank,Mid Cap
FINOPB,Financials - Private Bank,Small Cap
HDFCBANK,Financials - Private Bank,Large Cap
ICICIBANK,Financials - Private Bank,Large Cap
IDBI,Financials - Private Bank,Large Cap
IDFCFIRSTB,Financials - Private Bank,Mid Cap
INDUSINDBK,Financials - Private Bank,Large Cap
J&KBANK,Financials - Private Bank,Small Cap
KTKBANK,Financials - Private Bank,Small Cap
KARURVYSYA,Financials - Private Bank,Small Cap
KOTAKBANK,Financials - Private Bank,Large Cap
RBLBANK,Financials - Private Bank,Small Cap
SOUTHBANK,Financials - Private Bank,Small Cap
SURYODAY,Financials - Private Bank,Small Cap
TMB,Financials - Private Bank,Small Cap
UJJIVANSFB,Financials - Private Bank,Small Cap
UTKARSHBNK,Financials - Private Bank,Small Cap
YESBANK,Financials - Private Bank,Mid Cap
BANKBARODA,Financials - PSU Bank,Large Cap
MAHABANK,Financials - PSU Bank,Mid Cap
BANKINDIA,Financials - PSU Bank,Mid Cap
CANBK,Financials - PSU Bank,Large Cap
CENTRALBK,Financials - PSU Bank,Mid Cap
INDIANB,Financials - PSU Bank,Mid Cap
IOB,Financials - PSU Bank,Mid Cap
PNB,Financials - PSU Bank,Large Cap
PSB,Financials - PSU Bank,Mid Cap
SBIN,Financials - PSU Bank,Large Cap
UCOBANK,Financials - PSU Bank,Mid Cap
UNIONBANK,Financials - PSU Bank,Mid Cap
CARERATING,Financials - Ratings,Small Cap
CRISIL,Financials - Ratings,Mid Cap
ICRA,Financials - Ratings,Small Cap
CLSEL,Agri - Rice,Small Cap
LTFOODS,Agri - Rice,Small Cap
KRBL,Agri - Rice,Small Cap
ADVENZYMES,Healthcare - Biotech,Small Cap
BIOCON,Healthcare - Biotech,Mid Cap
MEDICAMEQ,Healthcare - Biotech,Small Cap
PANACEABIO,Healthcare - Biotech,Small Cap
WINDLAS,Healthcare - Biotech,Small Cap
HESTERBIO,Healthcare - Diagnostics,Small Cap
KRSNAA,Healthcare - Diagnostics,Small Cap
LALPATHLAB,Healthcare - Diagnostics,Mid Cap
METROPOLIS,Healthcare - Diagnostics,Small Cap
THYROCARE,Healthcare - Diagnostics,Small Cap
VIJAYA,Healthcare - Diagnostics,Small Cap
NURECA,Healthcare - Equipments,Small Cap
POLYMED,Healthcare - Equipments,Small Cap
TARSONS,Healthcare - Equipments,Small Cap
APOLLOHOSP,Healthcare - Hospitals,Large Cap
ARTEMISMED,Healthcare - Hospitals,Small Cap
ASTERDM,Healthcare - Hospitals,Small Cap
FORTIS,Healthcare - Hospitals,Mid Cap
HCG,Healthcare - Hospitals,Small Cap
INDRAMEDCO,Healthcare - Hospitals,Small Cap
JLHL,Healthcare - Hospitals,Small Cap
KIMS,Healthcare - Hospitals,Small Cap
LOTUSEYE,Healthcare - Hospitals,Small Cap
MAXHEALTH,Healthcare - Hospitals,Mid Cap
MEDANTA,Healthcare - Hospitals,Small Cap
NH,Healthcare - Hospitals,Mid Cap
RAINBOW,Healthcare - Hospitals,Small Cap
SHALBY,Healthcare - Hospitals,Small Cap
YATHARTH,Healthcare - Hospitals,Small Cap
AAREYDRUGS,Healthcare - Pharma,Small Cap
AARTIDRUGS,Healthcare - Pharma,Small Cap
AARTIPHARM,Healthcare - Pharma,Small Cap
ABBOTINDIA,Healthcare - Pharma,Mid Cap
AJANTPHARM,Healthcare - Pharma,Mid Cap
ALBERTDAVD,Healthcare - Pharma,Small Cap
ALEMBICLTD,Healthcare - Pharma,Small Cap
APLLTD,Healthcare - Pharma,Small Cap
ALKEM,Healthcare - Pharma,Mid Cap
ALPA,Healthcare - Pharma,Small Cap
ACUTAAS,Healthcare - Pharma,Small Cap
AMRUTANJAN,Healthcare - Pharma,Small Cap
ASTRAZEN,Healthcare - Pharma,Small Cap
AUROPHARMA,Healthcare - Pharma,Mid Cap
BAFNAPH,Healthcare - Pharma,Small Cap
BAJAJHCARE,Healthcare - Pharma,Small Cap
BALAXI,Healthcare - Pharma,Small Cap
BALPHARMA,Healthcare - Pharma,Small Cap
BIOFILCHEM,Healthcare - Pharma,Small Cap
BLISSGVS,Healthcare - Pharma,Small Cap
BROOKS,Healthcare - Pharma,Small Cap
ZYDUSLIFE,Healthcare - Pharma,Mid Cap
CAPLIPOINT,Healthcare - Pharma,Small Cap
CIPLA,Healthcare - Pharma,Large Cap
CONCORDBIO,Healthcare - Pharma,Small Cap
DCAL,Healthcare - Pharma,Small Cap
DIVISLAB,Healthcare - Pharma,Large Cap
DRREDDY,Healthcare - Pharma,Large Cap
ERIS,Healthcare - Pharma,Small Cap
FDC,Healthcare - Pharma,Small Cap
GLAND,Healthcare - Pharma,Mid Cap
GLAXO,Healthcare - Pharma,Mid Cap
ALIVUS,Healthcare - Pharma,Small Cap
GLENMARK,Healthcare - Pharma,Small Cap
GRANULES,Healthcare - Pharma,Small Cap
GUFICBIO,Healthcare - Pharma,Small Cap
HIKAL,Healthcare - Pharma,Small Cap
INDOCO,Healthcare - Pharma,Small Cap
INDSWFTLAB,Healthcare - Pharma,Small Cap
IOLCP,Healthcare - Pharma,Small Cap
IPCALAB,Healthcare - Pharma,Mid Cap
JAGSNPHARM,Healthcare - Pharma,Small Cap
JBCHEPHARM,Healthcare - Pharma,Small Cap
JUBLPHARMA,Healthcare - Pharma,Small Cap
KILITCH,Healthcare - Pharma,Small Cap
KOPRAN,Healthcare - Pharma,Small Cap
KREBSBIO,Healthcare - Pharma,Small Cap
LAURUSLABS,Healthcare - Pharma,Mid Cap
LINCOLN,Healthcare - Pharma,Small Cap
LUPIN,Healthcare - Pharma,Mid Cap
LYKALABS,Healthcare - Pharma,Small Cap
MANGALAM,Healthcare - Pharma,Small Cap
MANKIND,Healthcare - Pharma,Large Cap
MARKSANS,Healthcare - Pharma,Small Cap
MEDICO,Healthcare - Pharma,Small Cap
MOREPENLAB,Healthcare - Pharma,Small Cap
NATCOPHARM,Healthcare - Pharma,Small Cap
NEULANDLAB,Healthcare - Pharma,Small Cap
NGLFINE,Healthcare - Pharma,Small Cap
ORCHPHARMA,Healthcare - Pharma,Small Cap
PAR,Healthcare - Pharma,Small Cap
PFIZER,Healthcare - Pharma,Mid Cap
PGHL,Healthcare - Pharma,Small Cap
PPLPHARMA,Healthcare - Pharma,Small Cap
RPGLIFE,Healthcare - Pharma,Small Cap
SAKAR,Healthcare - Pharma,Small Cap
SANOFI,Healthcare - Pharma,Small Cap
SEQUENT,Healthcare - Pharma,Small Cap
SHILPAMED,Healthcare - Pharma,Small Cap
SIGACHI,Healthcare - Pharma,Small Cap
SMSLIFE,Healthcare - Pharma,Small Cap
SMSPHARMA,Healthcare - Pharma,Small Cap
SOLARA,Healthcare - Pharma,Small Cap
STAR,Healthcare - Pharma,Small Cap
SPARC,Healthcare - Pharma,Small Cap
SUNPHARMA,Healthcare - Pharma,Large Cap
SUPRIYA,Healthcare - Pharma,Small Cap
SUVEN,Healthcare - Pharma,Small Cap
COHANCE,Healthcare - Pharma,Small Cap
SYNGENE,Healthcare - Pharma,Mid Cap
THEMISMED,Healthcare - Pharma,Small Cap
TORNTPHARM,Healthcare - Pharma,Large Cap
TTKHLTCARE,Healthcare - Pharma,Small Cap
UNICHEMLAB,Healthcare - Pharma,Small Cap
VALIANTLAB,Healthcare - Pharma,Small Cap
VENUSREM,Healthcare - Pharma,Small Cap
VIMTALABS,Healthcare - Pharma,Small Cap
VINEETLAB,Healthcare - Pharma,Small Cap
WANBURY,Healthcare - Pharma,Small Cap
WOCKPHARMA,Healthcare - Pharma,Small Cap
ZIMLAB,Healthcare - Pharma,Small Cap
ZOTA,Healthcare - Pharma,Small Cap
AARVI,Human Resources,Small Cap
ACEINTEG,Human Resources,Small Cap
QUESS,Human Resources,Small Cap
TEAMLEASE,Human Resources,Small Cap
UDS,Human Resources,Small Cap
MENONBE,Industrial - Bearings,Small Cap
NRBBEARING,Industrial - Bearings,Small Cap
NIBL,Industrial - Bearings,Small Cap
SCHAEFFLER,Industrial - Bearings,Mid Cap
SKFINDIA,Industrial - Bearings,Mid Cap
TIMKEN,Industrial - Bearings,Mid Cap
APCOTEXIND,Industrial - Consumables,Small Cap
GRWRHITECH,Industrial - Consumables,Small Cap
GRPLTD,Industrial - Consumables,Small Cap
JAICORPLTD,Industrial - Consumables,Small Cap
KINGFA,Industrial - Consumables,Small Cap
KRITI,Industrial - Consumables,Small Cap
MAHEPC,Industrial - Consumables,Small Cap
MALLCOM,Industrial - Consumables,Small Cap
PIXTRANS,Industrial - Consumables,Small Cap
SHAILY,Industrial - Consumables,Small Cap
SUPREMEIND,Industrial - Consumables,Mid Cap
TAINWALCHM,Industrial - Consumables,Small Cap
TIMETECHNO,Industrial - Consumables,Small Cap
CUMMINSIND,Industrial - Pumps/Engines,Mid Cap
ELGIEQUIP,Industrial - Pumps/Engines,Small Cap
GREAVESCOT,Industrial - Pumps/Engines,Small Cap
INGERRAND,Industrial - Pumps/Engines,Small Cap
KIRLOSBROS,Industrial - Pumps/Engines,Small Cap
KIRLOSENG,Industrial - Pumps/Engines,Small Cap
KIRLPNU,Industrial - Pumps/Engines,Small Cap
KSB,Industrial - Pumps/Engines,Small Cap
LATTEYS,Industrial - Pumps/Engines,Small Cap
ROTO,Industrial - Pumps/Engines,Small Cap
SHAKTIPUMP,Industrial - Pumps/Engines,Small Cap
SWARAJENG,Industrial - Pumps/Engines,Small Cap
YUKEN,Industrial - Pumps/Engines,Small Cap
ACC,Infra - Cement,Mid Cap
ACL,Infra - Cement,Small Cap
AMBUJACEM,Infra - Cement,Large Cap
APCL,Infra - Cement,Small Cap
BVCL,Infra - Cement,Small Cap
BIGBLOC,Infra - Cement,Small Cap
BIRLACORPN,Infra - Cement,Small Cap
DALBHARAT,Infra - Cement,Mid Cap
DECCANCE,Infra - Cement,Small Cap
EVERESTIND,Infra - Cement,Small Cap
GRASIM,Infra - Cement,Large Cap
HEIDELBERG,Infra - Cement,Small Cap
INDIACEM,Infra - Cement,Small Cap
JKCEMENT,Infra - Cement,Mid Cap
JKLAKSHMI,Infra - Cement,Small Cap
KAKATCEM,Infra - Cement,Small Cap
KCP,Infra - Cement,Small Cap
MANGLMCEM,Infra - Cement,Small Cap
NCLIND,Infra - Cement,Small Cap
NUVOCO,Infra - Cement,Small Cap
ORIENTCEM,Infra - Cement,Small Cap
PRSMJOHNSN,Infra - Cement,Small Cap
RAMCOCEM,Infra - Cement,Mid Cap
RAMCOIND,Infra - Cement,Small Cap
SAGCEM,Infra - Cement,Small Cap
SAHYADRI,Infra - Cement,Small Cap
SANGHIIND,Infra - Cement,Small Cap
SHREECEM,Infra - Cement,Large Cap
SHREDIGCEM,Infra - Cement,Small Cap
STARCEMENT,Infra - Cement,Small Cap
ULTRACEMCO,Infra - Cement,Large Cap
VISAKAIND,Infra - Cement,Small Cap
BSHSL,Agri - Seeds,Small Cap
KSCL,Agri - Seeds,Small Cap
NATHBIOGEN,Agri - Seeds,Small Cap
ASIANTILES,Infra - Ceramics,Small Cap
KAJARIACER,Infra - Ceramics,Mid Cap
LEXUS,Infra - Ceramics,Small Cap
MURUDCERA,Infra - Ceramics,Small Cap
NITCO,Infra - Ceramics,Small Cap
ORIENTBELL,Infra - Ceramics,Small Cap
REGENCERAM,Infra - Ceramics,Small Cap
SOMANYCERA,Infra - Ceramics,Small Cap
ADANIPORTS,Infra - Construction,Large Cap
AHLUCONT,Infra - Construction,Small Cap
AKASH,Infra - Construction,Small Cap
ASHOKA,Infra - Construction,Small Cap
ATLANTAA,Infra - Construction,Small Cap
BFUTILITIE,Infra - Construction,Small Cap
BGRENERGY,Infra - Construction,Small Cap
BRNL,Infra - Construction,Small Cap
CAPACITE,Infra - Construction,Small Cap
CCCL,Infra - Construction,Small Cap
DBL,Infra - Construction,Small Cap
DREAMFOLKS,Infra - Construction,Small Cap
ENGINERSIN,Infra - Construction,Small Cap
GENCON,Infra - Construction,Small Cap
GMRAIRPORT,Infra - Construction,Mid Cap
GMRP&UI,Infra - Construction,Small Cap
GPPL,Infra - Construction,Small Cap
GPTINFRA,Infra - Construction,Small Cap
GRINFRA,Infra - Construction,Small Cap
HECPROJECT,Infra - Construction,Small Cap
HGINFRA,Infra - Construction,Small Cap
HCC,Infra - Construction,Small Cap
IONEXCHANG,Infra - Construction,Small Cap
IRB,Infra - Construction,Mid Cap
CEMPRO,Infra - Construction,Small Cap
JITFINFRA,Infra - Construction,Small Cap
JKIL,Infra - Construction,Small Cap
JSWINFRA,Infra - Construction,Small Cap
KPIL,Infra - Construction,Small Cap
KAUSHALYA,Infra - Construction,Small Cap
KNRCON,Infra - Construction,Small Cap
LT,Infra - Construction,Large Cap
LIKHITHA,Infra - Construction,Small Cap
MANINFRA,Infra - Construction,Small Cap
MBLINFRA,Infra - Construction,Small Cap
NBCC,Infra - Construction,Small Cap
NCC,Infra - Construction,Small Cap
NIRAJ,Infra - Construction,Small Cap
PATELENG,Infra - Construction,Small Cap
PNCINFRA,Infra - Construction,Small Cap
POWERMECH,Infra - Construction,Small Cap
PSPPROJECT,Infra - Construction,Small Cap
RAMKY,Infra - Construction,Small Cap
RKEC,Infra - Construction,Small Cap
RPPINFRA,Infra - Construction,Small Cap
SHANKARA,Infra - Construction,Small Cap
SHRADHA,Infra - Construction,Small Cap
SIMPLEXINF,Infra - Construction,Small Cap
SPMLINFRA,Infra - Construction,Small Cap
TARMAT,Infra - Construction,Small Cap
USK,Infra - Construction,Small Cap
WABAG,Infra - Construction,Small Cap
VPRPL,Infra - Construction,Small Cap
WELENT,Infra - Construction,Small Cap
AROGRANITE,Infra - Granites/Marbles,Small Cap
GSLSU,Infra - Granites/Marbles,Small Cap
MADHAV,Infra - Granites/Marbles,Small Cap
POKARNA,Infra - Granites/Marbles,Small Cap
AHLADA,Infra - Home Furnish,Small Cap
CERA,Infra - Home Furnish,Small Cap
BIRLANU,Infra - Home Furnish,Small Cap
PRITI,Infra - Home Furnish,Small Cap
SFL,Infra - Home Furnish,Small Cap
HINDWAREAP,Infra - Home Furnish,Small Cap
AIROLAM,Infra - Laminates,Small Cap
ADL,Infra - Laminates,Small Cap
ARCHIDPLY,Infra - Laminates,Small Cap
CENTURYPLY,Infra - Laminates,Small Cap
GREENLAM,Infra - Laminates,Small Cap
GREENPANEL,Infra - Laminates,Small Cap
GREENPLY,Infra - Laminates,Small Cap
RUSHIL,Infra - Laminates,Small Cap
WIPL,Infra - Laminates,Small Cap
APOLLOPIPE,Infra - Plastic Pipes,Small Cap
ASTRAL,Infra - Plastic Pipes,Mid Cap
FINPIPE,Infra - Plastic Pipes,Small Cap
PPL,Infra - Plastic Pipes,Small Cap
PREMIERPOL,Infra - Plastic Pipes,Small Cap
PRINCEPIPE,Infra - Plastic Pipes,Small Cap
RESPONIND,Infra - Plastic Pipes,Small Cap
TEXMOPIPES,Infra - Plastic Pipes,Small Cap
APTECHT,IT - Education,Small Cap
CPCAP,IT - Education,Small Cap
CLEDUCATE,IT - Education,Small Cap
GTECJAINX,IT - Education,Small Cap
NIITLTD,IT - Education,Small Cap
NIITMTS,IT - Education,Small Cap
CONTROLPR,IT - Equipments,Small Cap
NELCO,IT - Equipments,Small Cap
NETWEB,IT - Equipments,Small Cap
SMARTLINK,IT - Equipments,Small Cap
TEJASNET,IT - Equipments,Small Cap
TVSELECT,IT - Equipments,Small Cap
AFFLE,IT - Product/Platform,Small Cap
BSE,IT - Product/Platform,Small Cap
CAMS,IT - Product/Platform,Small Cap
CARTRADE,IT - Product/Platform,Small Cap
CDSL,IT - Product/Platform,Small Cap
MAPMYINDIA,IT - Product/Platform,Small Cap
EMUDHRA,IT - Product/Platform,Small Cap
IEX,IT - Product/Platform,Small Cap
INDIAMART,IT - Product/Platform,Mid Cap
NAUKRI,IT - Product/Platform,Mid Cap
INTENTECH,IT - Product/Platform,Small Cap
ISFT,IT - Product/Platform,Small Cap
IRCTC,IT - Product/Platform,Mid Cap
JUSTDIAL,IT - Product/Platform,Small Cap
KFINTECH,IT - Product/Platform,Small Cap
LATENTVIEW,IT - Product/Platform,Small Cap
MATRIMONY,IT - Product/Platform,Small Cap
MCX,IT - Product/Platform,Small Cap
MEDPLUS,IT - Product/Platform,Small Cap
MEGASOFT,IT - Product/Platform,Small Cap
AURUM,IT - Product/Platform,Small Cap
MSTCLTD,IT - Product/Platform,Small Cap
NAZARA,IT - Product/Platform,Small Cap
NUCLEUS,IT - Product/Platform,Small Cap
NYKAA,IT - Product/Platform,Mid Cap
ONMOBILE,IT - Product/Platform,Small Cap
OFSS,IT - Product/Platform,Mid Cap
PAYTM,IT - Product/Platform,Mid Cap
POLICYBZR,IT - Product/Platform,Mid Cap
QUICKHEAL,IT - Product/Platform,Small Cap
RAMCOSYS,IT - Product/Platform,Small Cap
RATEGAIN,IT - Product/Platform,Small Cap
ROUTE,IT - Product/Platform,Small Cap
SASTASUNDR,IT - Product/Platform,Small Cap
TANLA,IT - Product/Platform,Small Cap
VIRINCHI,IT - Product/Platform,Small Cap
VLEGOV,IT - Product/Platform,Small Cap
XELPMOC,IT - Product/Platform,Small Cap
YATRA,IT - Product/Platform,Mid Cap
ETERNAL,IT - Product/Platform,Large Cap
AIRAN,IT - Services,Small Cap
ADSL,IT - Services,Small Cap
AXISCADES,IT - Services,Small Cap
BBOX,IT - Services,Small Cap
CIGNITITEC,IT - Services,Small Cap
CMSINFO,IT - Services,Small Cap
CYIENT,IT - Services,Small Cap
DATAMATICS,IT - Services,Small Cap
DCM,IT - Services,Small Cap
DEVIT,IT - Services,Small Cap
DIGISPICE,IT - Services,Small Cap
DSSL,IT - Services,Small Cap
EXPLEOSOL,IT - Services,Small Cap
GENESYS,IT - Services,Small Cap
GSS,IT - Services,Small Cap
INSPIRISYS,IT - Services,Small Cap
IRIS,IT - Services,Small Cap
KPITTECH,IT - Services,Mid Cap
LTTS,IT - Services,Mid Cap
MOLDTECH,IT - Services,Small Cap
PANACHE,IT - Services,Small Cap
REDINGTON,IT - Services,Small Cap
RSYSTEMS,IT - Services,Small Cap
SASKEN,IT - Services,Small Cap
SECURKLOUD,IT - Services,Small Cap
SIGMA,IT - Services,Small Cap
TATAELXSI,IT - Services,Mid Cap
TERASOFT,IT - Services,Small Cap
VERANDA,IT - Services,Small Cap
AVADHSUGAR,Agri - Sugar,Small Cap
BAJAJHIND,Agri - Sugar,Small Cap
BALRAMCHIN,Agri - Sugar,Small Cap
BANARISUG,Agri - Sugar,Small Cap
DALMIASUG,Agri - Sugar,Small Cap
DBOL,Agri - Sugar,Small Cap
DCMSRIND,Agri - Sugar,Small Cap
DHAMPURSUG,Agri - Sugar,Small Cap
DWARKESH,Agri - Sugar,Small Cap
KCPSUGIND,Agri - Sugar,Small Cap
KMSUGAR,Agri - Sugar,Small Cap
KOTARISUG,Agri - Sugar,Small Cap
MAGADSUGAR,Agri - Sugar,Small Cap
MAWANASUG,Agri - Sugar,Small Cap
PONNIERODE,Agri - Sugar,Small Cap
RAJSREESUG,Agri - Sugar,Small Cap
RENUKA,Agri - Sugar,Small Cap
SAKHTISUG,Agri - Sugar,Small Cap
TRIVENI,Agri - Sugar,Small Cap
UGARSUGAR,Agri - Sugar,Small Cap
UTTAMSUGAR,Agri - Sugar,Small Cap
ZUARIIND,Agri - Sugar,Small Cap
63MOONS,IT - Software/Consulting,Small Cap
ACCELYA,IT - Software/Consulting,Small Cap
AURIONPRO,IT - Software/Consulting,Small Cap
BSOFT,IT - Software/Consulting,Small Cap
CTE,IT - Software/Consulting,Small Cap
CYBERTECH,IT - Software/Consulting,Small Cap
DCI,IT - Software/Consulting,Small Cap
DHRUV,IT - Software/Consulting,Small Cap
DLINKINDIA,IT - Software/Consulting,Small Cap
DRCSYSTEMS,IT - Software/Consulting,Small Cap
E2E,IT - Software/Consulting,Small Cap
ECLERX,IT - Software/Consulting,Small Cap
GOLDTECH,IT - Software/Consulting,Small Cap
HAPPSTMNDS,IT - Software/Consulting,Small Cap
HCLTECH,IT - Software/Consulting,Large Cap
HGM,IT - Software/Consulting,Small Cap
INFOBEAN,IT - Software/Consulting,Small Cap
INFY,IT - Software/Consulting,Large Cap
INTELLECT,IT - Software/Consulting,Small Cap
IZMO,IT - Software/Consulting,Small Cap
KELLTONTEC,IT - Software/Consulting,Small Cap
KSOLVES,IT - Software/Consulting,Small Cap
LTIM,IT - Software/Consulting,Large Cap
MASTEK,IT - Software/Consulting,Small Cap
MINDTECK,IT - Software/Consulting,Small Cap
MITCON,IT - Software/Consulting,Small Cap
MPHASIS,IT - Software/Consulting,Mid Cap
NEWGEN,IT - Software/Consulting,Small Cap
COFORGE,IT - Software/Consulting,Mid Cap
NINSYS,IT - Software/Consulting,Small Cap
ONWARDTEC,IT - Software/Consulting,Small Cap
PALREDTEC,IT - Software/Consulting,Small Cap
PERSISTENT,IT - Software/Consulting,Mid Cap
RSSOFTWARE,IT - Software/Consulting,Small Cap
SAKSOFT,IT - Software/Consulting,Small Cap
SILVERTUC,IT - Software/Consulting,Small Cap
SOFTTECH,IT - Software/Consulting,Small Cap
SONATSOFTW,IT - Software/Consulting,Small Cap
TCS,IT - Software/Consulting,Large Cap
TECHM,IT - Software/Consulting,Large Cap
TRACXN,IT - Software/Consulting,Small Cap
TREJHARA,IT - Software/Consulting,Small Cap
TRIGYN,IT - Software/Consulting,Small Cap
WIPRO,IT - Software/Consulting,Large Cap
XCHANGING,IT - Software/Consulting,Small Cap
ZAGGLE,IT - Software/Consulting,Small Cap
ZENSARTECH,IT - Software/Consulting,Small Cap
BIL,Leather Products,Small Cap
MAYURUNIQ,Leather Products,Small Cap
MIRZAINT,Leather Products,Small Cap
SUPERHOUSE,Leather Products,Small Cap
ZENITHEXPO,Leather Products,Small Cap
APOLSINHOT,Leisure - Hotels,Small Cap
ASIANHOTNR,Leisure - Hotels,Small Cap
AHLEAST,Leisure - Hotels,Small Cap
ADVANIHOTR,Leisure - Hotels,Small Cap
BLUECOAST,Leisure - Hotels,Small Cap
BYKE,Leisure - Hotels,Small Cap
CHALET,Leisure - Hotels,Small Cap
EIHAHOTELS,Leisure - Hotels,Small Cap
EIHOTEL,Leisure - Hotels,Small Cap
INDHOTEL,Leisure - Hotels,Mid Cap
ITDC,Leisure - Hotels,Small Cap
KAMATHOTEL,Leisure - Hotels,Small Cap
LEMONTREE,Leisure - Hotels,Small Cap
MHRIL,Leisure - Hotels,Small Cap
ORIENTHOT,Leisure - Hotels,Small Cap
RHL,Leisure - Hotels,Small Cap
ROHLTD,Leisure - Hotels,Small Cap
SAMHI,Leisure - Hotels,Small Cap
TAJGVK,Leisure - Hotels,Small Cap
ARCHIES,Leisure - Misc,Small Cap
BLS,Leisure - Misc,Small Cap
DELTACORP,Leisure - Misc,Small Cap
IMAGICAA,Leisure - Misc,Small Cap
KAYA,Leisure - Misc,Small Cap
THOMASCOOK,Leisure - Misc,Small Cap
WONDERLA,Leisure - Misc,Small Cap
BARBEQUE,Leisure - Restaurants,Small Cap
RBA,Leisure - Restaurants,Small Cap
COFFEEDAY,Leisure - Restaurants,Small Cap
DEVYANI,Leisure - Restaurants,Mid Cap
JUBLFOOD,Leisure - Restaurants,Mid Cap
SAPPHIRE,Leisure - Restaurants,Small Cap
SPECIALITY,Leisure - Restaurants,Small Cap
WESTLIFE,Leisure - Restaurants,Small Cap
BALAJITELE,Media - Entertainment,Small Cap
ENIL,Media - Entertainment,Small Cap
NETWORK18,Media - Entertainment,Small Cap
SAREGAMA,Media - Entertainment,Small Cap
SHEMAROO,Media - Entertainment,Small Cap
TIPSMUSIC,Media - Entertainment,Small Cap
MUKTAARTS,Media - Films,Small Cap
PFOCUS,Media - Films,Small Cap
PNC,Media - Films,Small Cap
PVRINOX,Media - Films,Small Cap
TIPSFILMS,Media - Films,Small Cap
UFO,Media - Films,Small Cap
DGCONTENT,Media - Misc,Small Cap
TOUCHWOOD,Media - Misc,Small Cap
VERTOZ,Media - Misc,Small Cap
DBCORP,Media - Publishing,Small Cap
HMVL,Media - Publishing,Small Cap
HTMEDIA,Media - Publishing,Small Cap
JAGRAN,Media - Publishing,Small Cap
MPSLTD,Media - Publishing,Small Cap
NAVNETEDUL,Media - Publishing,Small Cap
REPRO,Media - Publishing,Small Cap
SANDESH,Media - Publishing,Small Cap
SCHAND,Media - Publishing,Small Cap
TNPL,Media - Publishing,Small Cap
DEN,Media - TV Broadcast,Small Cap
GTPL,Media - TV Broadcast,Small Cap
NDTV,Media - TV Broadcast,Small Cap
NDLVENTURE,Media - TV Broadcast,Small Cap
RAJTV,Media - TV Broadcast,Small Cap
SUNTV,Media - TV Broadcast,Mid Cap
TVTODAY,Media - TV Broadcast,Small Cap
ZEEL,Media - TV Broadcast,Mid Cap
CCL,Agri - Tea/Coffee,Small Cap
DTIL,Agri - Tea/Coffee,Small Cap
GANGESSECU,Agri - Tea/Coffee,Small Cap
GILLANDERS,Agri - Tea/Coffee,Small Cap
GROBTEA,Agri - Tea/Coffee,Small Cap
HARRMALAYA,Agri - Tea/Coffee,Small Cap
JAYSREETEA,Agri - Tea/Coffee,Small Cap
MCLEODRUSS,Agri - Tea/Coffee,Small Cap
NORBTEAEXP,Agri - Tea/Coffee,Small Cap
PKTEA,Agri - Tea/Coffee,Small Cap
UNITEDTEA,Agri - Tea/Coffee,Small Cap
HINDALCO,Metals - Aluminium,Large Cap
MAANALU,Metals - Aluminium,Small Cap
MANAKALUCO,Metals - Aluminium,Small Cap
NATIONALUM,Metals - Aluminium,Mid Cap
AIAENG,Metals - Casting/Forging,Mid Cap
BHARATFORG,Metals - Casting/Forging,Mid Cap
DENORA,Metals - Casting/Forging,Small Cap
ELECTCAST,Metals - Casting/Forging,Small Cap
GRAPHITE,Metals - Casting/Forging,Small Cap
HEG,Metals - Casting/Forging,Small Cap
IFGLEXPOR,Metals - Casting/Forging,Small Cap
KALYANIFRG,Metals - Casting/Forging,Small Cap
MANAKCOAT,Metals - Casting/Forging,Small Cap
MMFL,Metals - Casting/Forging,Small Cap
NELCAST,Metals - Casting/Forging,Small Cap
ORIENTCER,Metals - Casting/Forging,Small Cap
RHIM,Metals - Casting/Forging,Small Cap
PTCIL,Metals - Casting/Forging,Small Cap
RKFORGE,Metals - Casting/Forging,Small Cap
STEELCAS,Metals - Casting/Forging,Small Cap
TIIL,Metals - Casting/Forging,Small Cap
VESUVIUS,Metals - Casting/Forging,Small Cap
BHAGYANGR,Metals - Copper,Small Cap
CUBEXTUB,Metals - Copper,Small Cap
HINDCOPPER,Metals - Copper,Small Cap
PRECWIRE,Metals - Copper,Small Cap
INCREDIBLE,Metals - Iron & Steel,Small Cap
AEROFLEX,Metals - Iron & Steel,Small Cap
ELECTHERM,Metals - Iron & Steel,Small Cap
GALLANTT,Metals - Iron & Steel,Small Cap
GPIL,Metals - Iron & Steel,Small Cap
HISARMETAL,Metals - Iron & Steel,Small Cap
HITECH,Metals - Iron & Steel,Small Cap
JAIBALAJI,Metals - Iron & Steel,Small Cap
JAYNECOIND,Metals - Iron & Steel,Small Cap
JINDALSTEL,Metals - Iron & Steel,Large Cap
JSL,Metals - Iron & Steel,Mid Cap
JSWSTEEL,Metals - Iron & Steel,Large Cap
JTLIND,Metals - Iron & Steel,Small Cap
KSL,Metals - Iron & Steel,Small Cap
KAMDHENU,Metals - Iron & Steel,Small Cap
KIOCL,Metals - Iron & Steel,Small Cap
LLOYDSME,Metals - Iron & Steel,Small Cap
LLOYDSENGG,Metals - Iron & Steel,Small Cap
MAHASTEEL,Metals - Iron & Steel,Small Cap
MANAKSIA,Metals - Iron & Steel,Small Cap
MANAKSTEEL,Metals - Iron & Steel,Small Cap
MSPL,Metals - Iron & Steel,Small Cap
MUKANDLTD,Metals - Iron & Steel,Small Cap
NSLNISP,Metals - Iron & Steel,Small Cap
RATNAVEER,Metals - Iron & Steel,Small Cap
SALSTEEL,Metals - Iron & Steel,Small Cap
SARDAEN,Metals - Iron & Steel,Small Cap
SMLT,Metals - Iron & Steel,Small Cap
AEROENTER,Metals - Iron & Steel,Small Cap
SHAHALLOYS,Metals - Iron & Steel,Small Cap
SHYAMMETL,Metals - Iron & Steel,Small Cap
SAIL,Metals - Iron & Steel,Mid Cap
SUNFLAG,Metals - Iron & Steel,Small Cap
TATASTEEL,Metals - Iron & Steel,Large Cap
TEMBO,Metals - Iron & Steel,Small Cap
VASWANI,Metals - Iron & Steel,Small Cap
VENUSPIPES,Metals - Iron & Steel,Small Cap
VISASTEEL,Metals - Iron & Steel,Small Cap
VSSL,Metals - Iron & Steel,Small Cap
20MICRONS,Metals - Misc,Small Cap
ADANIENT,Metals - Misc,Large Cap
ANIKINDS,Metals - Misc,Small Cap
ASHAPURMIN,Metals - Misc,Small Cap
CENTEXT,Metals - Misc,Small Cap
DELTAMAGNT,Metals - Misc,Small Cap
GOACARBON,Metals - Misc,Small Cap
GRAVITA,Metals - Misc,Small Cap
GMDCLTD,Metals - Misc,Small Cap
HINDZINC,Metals - Misc,Large Cap
IMFA,Metals - Misc,Small Cap
MAITHANALL,Metals - Misc,Small Cap
MMP,Metals - Misc,Small Cap
MOIL,Metals - Misc,Small Cap
NMDC,Metals - Misc,Mid Cap
NRL,Metals - Misc,Small Cap
ORISSAMINE,Metals - Misc,Small Cap
POCL,Metals - Misc,Small Cap
SAGARDEEP,Metals - Misc,Small Cap
SANDUMA,Metals - Misc,Small Cap
TIRUPATIFL,Metals - Misc,Small Cap
VEDL,Metals - Misc,Large Cap
APLAPOLLO,Metals - Pipe & Tube,Mid Cap
GANDHITUBE,Metals - Pipe & Tube,Small Cap
GOODLUCK,Metals - Pipe & Tube,Small Cap
HARIOMPIPE,Metals - Pipe & Tube,Small Cap
HILTON,Metals - Pipe & Tube,Small Cap
JINDALSAW,Metals - Pipe & Tube,Small Cap
MAHSEAMLES,Metals - Pipe & Tube,Small Cap
MANINDS,Metals - Pipe & Tube,Small Cap
PRAKASH,Metals - Pipe & Tube,Small Cap
RATNAMANI,Metals - Pipe & Tube,Mid Cap
SURYAROSNI,Metals - Pipe & Tube,Small Cap
TIINDIA,Metals - Pipe & Tube,Large Cap
WELCORP,Metals - Pipe & Tube,Small Cap
ABAN,Oil and Gas,Small Cap
ALPHAGEO,Oil and Gas,Small Cap
ASIANENE,Oil and Gas,Small Cap
DEEPINDS,Oil and Gas,Small Cap
DOLPHIN,Oil and Gas,Small Cap
GANESHBE,Oil and Gas,Small Cap
HINDOILEXP,Oil and Gas,Small Cap
JINDRILL,Oil and Gas,Small Cap
OILCOUNTUB,Oil and Gas,Small Cap
OIL,Oil and Gas,Mid Cap
ONGC,Oil and Gas,Large Cap
ANTELOPUS,Oil and Gas,Small Cap
3MINDIA,Others,Mid Cap
AAATECH,Others,Small Cap
ABMINTLLTD,Others,Small Cap
AFSL,Others,Small Cap
ARENTERP,Others,Small Cap
AUSOMENT,Others,Small Cap
BALMLAWRIE,Others,Small Cap
DCMSHRIRAM,Others,Small Cap
ELGIRUBCO,Others,Small Cap
EMSLIMITED,Others,Small Cap
GFLLIMITED,Others,Small Cap
ICDSLTD,Others,Small Cap
INDIANCARD,Others,Small Cap
KALAMANDIR,Others,Small Cap
KAPSTON,Others,Small Cap
KOTHARIPRO,Others,Small Cap
LFIC,Others,Small Cap
MHLXMIRU,Others,Small Cap
MAHESHWARI,Others,Small Cap
MMTC,Others,Small Cap
MODIRUBBER,Others,Small Cap
PTL,Others,Small Cap
RACE,Others,Small Cap
RADIANTCMS,Others,Small Cap
SBC,Others,Small Cap
SEJALLTD,Others,Small Cap
SIGIND,Others,Small Cap
SIS,Others,Small Cap
STCINDIA,Others,Small Cap
WEALTH,Others,Small Cap
AMDIND,Packaging,Small Cap
ARROWGREEN,Packaging,Small Cap
BBTCL,Packaging,Small Cap
BEARDSELL,Packaging,Small Cap
COSMOFIRST,Packaging,Small Cap
EMMBI,Packaging,Small Cap
EPL,Packaging,Small Cap
ESTER,Packaging,Small Cap
EKC,Packaging,Small Cap
GUJRAFFIA,Packaging,Small Cap
HITECHCORP,Packaging,Small Cap
AGI,Packaging,Small Cap
JINDALPOLY,Packaging,Small Cap
KANPRPLA,Packaging,Small Cap
MOLDTKPAC,Packaging,Small Cap
NAHARPOLY,Packaging,Small Cap
ORICONENT,Packaging,Small Cap
ORIENTLTD,Packaging,Small Cap
HUHTAMAKI,Packaging,Small Cap
POLYPLEX,Packaging,Small Cap
PYRAMID,Packaging,Small Cap
AERONEU,Packaging,Small Cap
SHREERAMA,Packaging,Small Cap
TCPLPACK,Packaging,Small Cap
TPLPLASTEH,Packaging,Small Cap
UFLEX,Packaging,Small Cap
XPROINDIA,Packaging,Small Cap
ANDHRAPAP,Paper,Small Cap
BALKRISHNA,Paper,Small Cap
ABREL,Paper,Small Cap
CHEVIOT,Paper,Small Cap
EMAMIPAP,Paper,Small Cap
JKPAPER,Paper,Small Cap
KUANTUM,Paper,Small Cap
MAGNUM,Paper,Small Cap
MALUPAPER,Paper,Small Cap
NRAIL,Paper,Small Cap
ORIENTPPR,Paper,Small Cap
PAKKA,Paper,Small Cap
PDMJEPAPER,Paper,Small Cap
RAMANEWS,Paper,Small Cap
RUCHIRA,Paper,Small Cap
SATIA,Paper,Small Cap
SESHAPAPER,Paper,Small Cap
SHREYANIND,Paper,Small Cap
STARPAPER,Paper,Small Cap
STYLAMIND,Paper,Small Cap
WSTCSTPAPR,Paper,Small Cap
BAJAJ-AUTO,Auto - 2W,Large Cap
EICHERMOT,Auto - 2W,Large Cap
HEROMOTOCO,Auto - 2W,Large Cap
TVSMOTOR,Auto - 2W,Large Cap
CASTROLIND,Petro - Lubricants,Small Cap
GULFOILLUB,Petro - Lubricants,Small Cap
GULFPETRO,Petro - Lubricants,Small Cap
PANAMAPET,Petro - Lubricants,Small Cap
SOTL,Petro - Lubricants,Small Cap
VEEDOL,Petro - Lubricants,Small Cap
BPCL,Petro - Refineries,Large Cap
CHENNPETRO,Petro - Refineries,Small Cap
HINDPETRO,Petro - Refineries,Mid Cap
IOC,Petro - Refineries,Large Cap
MRPL,Petro - Refineries,Small Cap
RELIANCE,Petro - Refineries,Large Cap
AARTECH,Power - Equipment,Small Cap
ABB,Power - Equipment,Large Cap
POWERINDIA,Power - Equipment,Small Cap
APARINDS,Power - Equipment,Small Cap
BBL,Power - Equipment,Small Cap
BHEL,Power - Equipment,Mid Cap
CGPOWER,Power - Equipment,Mid Cap
GVPIL,Power - Equipment,Small Cap
GVT&D,Power - Equipment,Small Cap
INDOTECH,Power - Equipment,Small Cap
INOXWIND,Power - Equipment,Small Cap
KARMAENG,Power - Equipment,Small Cap
KECL,Power - Equipment,Small Cap
MODISONLTD,Power - Equipment,Small Cap
SALZERELEC,Power - Equipment,Small Cap
SCHNEIDER,Power - Equipment,Small Cap
SIEMENS,Power - Equipment,Large Cap
SKIPPER,Power - Equipment,Small Cap
SWELECTES,Power - Equipment,Small Cap
TARAPUR,Power - Equipment,Small Cap
TDPOWERSYS,Power - Equipment,Small Cap
THERMAX,Power - Equipment,Mid Cap
TARIL,Power - Equipment,Small Cap
TRITURBINE,Power - Equipment,Small Cap
VOLTAMP,Power - Equipment,Small Cap
ADANIGREEN,Power - Green,Large Cap
BORORENEW,Power - Green,Small Cap
INOXGREEN,Power - Green,Small Cap
KIRLOSIND,Power - Green,Small Cap
KPIGREEN,Power - Green,Small Cap
SAMPANN,Power - Green,Small Cap
SURANASOL,Power - Green,Small Cap
SURANAT&P,Power - Green,Small Cap
SUZLON,Power - Green,Small Cap
SWSOLAR,Power - Green,Small Cap
SGIL,Power - Green,Small Cap
WEBELSOLAR,Power - Green,Small Cap
ADANIPOWER,Power - Misc,Large Cap
ADANIENSOL,Power - Misc,Large Cap
CESC,Power - Misc,Small Cap
ENERGYDEV,Power - Misc,Small Cap
GIPCL,Power - Misc,Small Cap
JSWENERGY,Power - Misc,Mid Cap
NAVA,Power - Misc,Small Cap
NHPC,Power - Misc,Mid Cap
NLCINDIA,Power - Misc,Small Cap
NTPC,Power - Misc,Large Cap
POWERGRID,Power - Misc,Large Cap
PTC,Power - Misc,Small Cap
RELINFRA,Power - Misc,Small Cap
RPOWER,Power - Misc,Small Cap
RTNINDIA,Power - Misc,Small Cap
SJVN,Power - Misc,Small Cap
TATAPOWER,Power - Misc,Large Cap
TORNTPOWER,Power - Misc,Mid Cap
BEDMUTHA,Power - Wiring,Small Cap
BHARATWIRE,Power - Wiring,Small Cap
CORDSCABLE,Power - Wiring,Small Cap
DIACABS,Power - Wiring,Small Cap
DPWIRES,Power - Wiring,Small Cap
DYCL,Power - Wiring,Small Cap
FINCABLES,Power - Wiring,Small Cap
GEEKAYWIRE,Power - Wiring,Small Cap
KEI,Power - Wiring,Mid Cap
MCL,Power - Wiring,Small Cap
PARACABLES,Power - Wiring,Small Cap
POLYCAB,Power - Wiring,Mid Cap
RAMRAT,Power - Wiring,Small Cap
RRKABEL,Power - Wiring,Small Cap
S&SPOWER,Power - Wiring,Small Cap
UNIVCABLES,Power - Wiring,Small Cap
USHAMART,Power - Wiring,Small Cap
JWL,Railways,Small Cap
HBLENGINE,Railways,Small Cap
IRCON,Railways,Small Cap
IRFC,Railways,Mid Cap
KEC,Railways,Small Cap
KERNEX,Railways,Small Cap
RAILTEL,Railways,Small Cap
RITES,Railways,Small Cap
RVNL,Railways,Mid Cap
TEXINFRA,Railways,Small Cap
TEXRAIL,Railways,Small Cap
TITAGARH,Railways,Small Cap
AJMERA,Real Estate,Small Cap
AMJLAND,Real Estate,Small Cap
ANANTRAJ,Real Estate,Small Cap
ARIHANTSUP,Real Estate,Small Cap
ARTNIRMAN,Real Estate,Small Cap
ARVSMART,Real Estate,Small Cap
ASHIANA,Real Estate,Small Cap
ATALREAL,Real Estate,Small Cap
BLAL,Real Estate,Small Cap
BLKASHYAP,Real Estate,Small Cap
BRIGADE,Real Estate,Small Cap
CINELINE,Real Estate,Small Cap
DBREALTY,Real Estate,Small Cap
DLF,Real Estate,Large Cap
ELDEHSG,Real Estate,Small Cap
EMAMIREAL,Real Estate,Small Cap
GANESHHOU,Real Estate,Small Cap
GEECEE,Real Estate,Small Cap
GODREJPROP,Real Estate,Mid Cap
HEMIPROP,Real Estate,Small Cap
HUBTOWN,Real Estate,Small Cap
EMBDL,Real Estate,Small Cap
KOLTEPATIL,Real Estate,Small Cap
LODHA,Real Estate,Mid Cap
MAHLIFE,Real Estate,Small Cap
MARATHON,Real Estate,Small Cap
UMIYA-MRO,Real Estate,Small Cap
NESCO,Real Estate,Small Cap
OBEROIRLTY,Real Estate,Mid Cap
OMAXE,Real Estate,Small Cap
PANSARI,Real Estate,Small Cap
PENINLAND,Real Estate,Small Cap
PHOENIXLTD,Real Estate,Mid Cap
PRAENG,Real Estate,Small Cap
PRESTIGE,Real Estate,Mid Cap
PROZONER,Real Estate,Small Cap
PURVA,Real Estate,Small Cap
PVP,Real Estate,Small Cap
RVHL,Real Estate,Small Cap
RUSTOMJEE,Real Estate,Small Cap
SBGLP,Real Estate,Small Cap
SIGNATURE,Real Estate,Small Cap
SOBHA,Real Estate,Small Cap
SHRIRAMPPS,Real Estate,Small Cap
SUMIT,Real Estate,Small Cap
SUNTECK,Real Estate,Small Cap
SWANCORP,Real Estate,Small Cap
TARC,Real Estate,Small Cap
ALLDIGI,Tech - BPO,Small Cap
FSL,Tech - BPO,Small Cap
HGS,Tech - BPO,Small Cap
ONEPOINT,Tech - BPO,Small Cap
RPSGVENT,Tech - BPO,Small Cap
WEWIN,Tech - BPO,Small Cap
BHARTIARTL,Telecom,Large Cap
INDUSTOWER,Telecom,Mid Cap
BIRLACABLE,Telecom,Small Cap
HFCL,Telecom,Small Cap
ITI,Telecom,Small Cap
KAVDEFENCE,Telecom,Small Cap
MTNL,Telecom,Small Cap
OPTIEMUS,Telecom,Small Cap
STLTECH,Telecom,Small Cap
TATACOMM,Telecom,Mid Cap
TTML,Telecom,Small Cap
VINDHYATEL,Telecom,Small Cap
DOLLAR,Textile - Innerwear,Small Cap
LOVABLE,Textile - Innerwear,Small Cap
LUXIND,Textile - Innerwear,Small Cap
PAGEIND,Textile - Innerwear,Mid Cap
RUPA,Textile - Innerwear,Small Cap
VIPCLOTHNG,Textile - Innerwear,Small Cap
CENTENKA,Textile - Misc,Small Cap
DIGJAMLMTD,Textile - Misc,Small Cap
EASTSILK,Textile - Misc,Small Cap
FIBERWEB,Textile - Misc,Small Cap
GANECOS,Textile - Misc,Small Cap
GARFIBRES,Textile - Misc,Small Cap
HIMATSEIDE,Textile - Misc,Small Cap
JINDWORLD,Textile - Misc,Small Cap
LAGNAM,Textile - Misc,Small Cap
MANOMAY,Textile - Misc,Small Cap
NAHARSPING,Textile - Misc,Small Cap
PDSL,Textile - Misc,Small Cap
PIONEEREMB,Textile - Misc,Small Cap
SIYSIL,Textile - Misc,Small Cap
SOMATEX,Textile - Misc,Small Cap
SPLIL,Textile - Misc,Small Cap
TRIDENT,Textile - Misc,Mid Cap
UNITEDPOLY,Textile - Misc,Small Cap
WELSPUNLIV,Textile - Misc,Small Cap
WORTH,Textile - Misc,Small Cap
AMBIKCO,Textile - Spinning/Yarn,Small Cap
ASHIMASYN,Textile - Spinning/Yarn,Small Cap
AYMSYNTEX,Textile - Spinning/Yarn,Small Cap
BASML,Textile - Spinning/Yarn,Small Cap
BANSWRAS,Textile - Spinning/Yarn,Small Cap
BSL,Textile - Spinning/Yarn,Small Cap
DAMODARIND,Textile - Spinning/Yarn,Small Cap
DCMNVL,Textile - Spinning/Yarn,Small Cap
GHCLTEXTIL,Textile - Spinning/Yarn,Small Cap
GINNIFILA,Textile - Spinning/Yarn,Small Cap
ICIL,Textile - Spinning/Yarn,Small Cap
LAMBODHARA,Textile - Spinning/Yarn,Small Cap
LAXMICOT,Textile - Spinning/Yarn,Small Cap
LOYALTEX,Textile - Spinning/Yarn,Small Cap
MARALOVER,Textile - Spinning/Yarn,Small Cap
NAGREEKEXP,Textile - Spinning/Yarn,Small Cap
NAHARINDUS,Textile - Spinning/Yarn,Small Cap
NITINSPIN,Textile - Spinning/Yarn,Small Cap
PRECOT,Textile - Spinning/Yarn,Small Cap
RELCHEMQ,Textile - Spinning/Yarn,Small Cap
RSWM,Textile - Spinning/Yarn,Small Cap
RUBYMILLS,Textile - Spinning/Yarn,Small Cap
SALONA,Textile - Spinning/Yarn,Small Cap
SANGAMIND,Textile - Spinning/Yarn,Small Cap
SARLAPOLY,Textile - Spinning/Yarn,Small Cap
SELMC,Textile - Spinning/Yarn,Small Cap
SHIVAMILLS,Textile - Spinning/Yarn,Small Cap
SHIVATEX,Textile - Spinning/Yarn,Small Cap
SPORTKING,Textile - Spinning/Yarn,Small Cap
SURYALAXMI,Textile - Spinning/Yarn,Small Cap
SUTLEJTEX,Textile - Spinning/Yarn,Small Cap
VTL,Textile - Spinning/Yarn,Small Cap
FILATEX,Textiles - Polyester,Small Cap
INDORAMA,Textiles - Polyester,Small Cap
SUMEETINDS,Textiles - Polyester,Small Cap
VARDHACRLC,Textiles - Polyester,Small Cap
BOMDYEING,Textiles - Processing,Small Cap
DONEAR,Textiles - Processing,Small Cap
FAZE3Q,Textiles - Processing,Small Cap
MOHITIND,Textiles - Processing,Small Cap
ORBTEXP,Textiles - Processing,Small Cap
RAJRILTD,Textiles - Processing,Small Cap
WEIZMANIND,Textiles - Processing,Small Cap
ALLCARGO,Transport - Logistics,Small Cap
ASPINWALL,Transport - Logistics,Small Cap
ATL,Transport - Logistics,Small Cap
AVG,Transport - Logistics,Small Cap
BLUEDART,Transport - Logistics,Mid Cap
CONCOR,Transport - Logistics,Mid Cap
DELHIVERY,Transport - Logistics,Mid Cap
DJML,Transport - Logistics,Small Cap
GATEWAY,Transport - Logistics,Small Cap
ACLGATI,Transport - Logistics,Small Cap
GLOBAL,Transport - Logistics,Small Cap
GLOBALVECT,Transport - Logistics,Small Cap
ICEMAKE,Transport - Logistics,Small Cap
INDIGO,Transport - Logistics,Large Cap
MAHLOG,Transport - Logistics,Small Cap
NAVKARCORP,Transport - Logistics,Small Cap
NECCLTD,Transport - Logistics,Small Cap
OBCL,Transport - Logistics,Small Cap
RIIL,Transport - Logistics,Small Cap
RITCO,Transport - Logistics,Small Cap
SINDHUTRAD,Transport - Logistics,Small Cap
SNOWMAN,Transport - Logistics,Small Cap
SVLL,Transport - Logistics,Small Cap
TCI,Transport - Logistics,Small Cap
TCIEXP,Transport - Logistics,Small Cap
TOTAL,Transport - Logistics,Small Cap
TREL,Transport - Logistics,Small Cap
TVSSCS,Transport - Logistics,Small Cap
VRLLOG,Transport - Logistics,Small Cap
ESSARSHPNG,Transport - Shipping,Small Cap
GESHIP,Transport - Shipping,Small Cap
SEAMECLTD,Transport - Shipping,Small Cap
SCI,Transport - Shipping,Small Cap
TRANSWORLD,Transport - Shipping,Small Cap
ATGL,Utility - Gas,Large Cap
AEGISLOG,Utility - Gas,Small Cap
GAIL,Utility - Gas,Large Cap
GUJGASLTD,Utility - Gas,Mid Cap
GSPL,Utility - Gas,Mid Cap
IGL,Utility - Gas,Mid Cap
MGL,Utility - Gas,Small Cap
PETRONET,Utility - Gas,Mid Cap
COALINDIA,Utility - Misc,Large Cap
CONFIPET,Utility - Misc,Small Cap
SOUTHWEST,Utility - Misc,Small Cap
AVANTIFEED,Agri - Animal Feed,Small Cap
GODREJAGRO,Agri - Animal Feed,Small Cap
NARMADA,Agri - Animal Feed,Small Cap