Symbol,Folio,Sector,Market Cap
20MICRONS,NSE,Metals - Misc,Small Cap
21STCENMGM,NSE,Financials - Misc,Small Cap
360ONE,NSE,Financials - Misc,Mid Cap
3MINDIA,NSE,Others,Mid Cap
3PLAND,NSE,Financials - Misc,Small Cap
5PAISA,NSE,Financials - Broking,Small Cap
63MOONS,NSE,IT - Software/Consulting,Small Cap
AAATECH,NSE,Others,Small Cap
AAREYDRUGS,NSE,Healthcare - Pharma,Small Cap
AARON,NSE,Engineering,Small Cap
AARTECH,NSE,Power - Equipment,Small Cap
AARTIDRUGS,NSE,Healthcare - Pharma,Small Cap
AARTIIND,NSE,Chemicals - Specialty,Mid Cap
AARTIPHARM,NSE,Healthcare - Pharma,Small Cap
AARTISURF,NSE,Chemicals - Specialty,Small Cap
AARVI,NSE,Human Resources,Small Cap
AAVAS,NSE,Financials - Housing,Small Cap
ABAN,NSE,Oil and Gas,Small Cap
ABB,NSE,Power - Equipment,Large Cap
ABBOTINDIA,NSE,Healthcare - Pharma,Mid Cap
ABCAPITAL,NSE,Financials - Misc,Mid Cap
ABFRL,NSE,Consumption - Retail,Mid Cap
ABMINTLLTD,NSE,Others,Small Cap
ABREL,NSE,Paper,Small Cap
ABSLAMC,NSE,Financials - AMC,Small Cap
ACC,NSE,Infra - Cement,Mid Cap
ACCELYA,NSE,IT - Software/Consulting,Small Cap
ACE,NSE,Auto - CV,Small Cap
ACEINTEG,NSE,Human Resources,Small Cap
ACI,NSE,Chemicals - Bulk,Small Cap
ACL,NSE,Infra - Cement,Small Cap
ACUTAAS,Core,Healthcare - Pharma,Small Cap
ADANIENSOL,NSE,Power - Misc,Large Cap
ADANIENT,NSE,Metals - Misc,Large Cap
ADANIGREEN,NSE,Power - Green,Large Cap
ADANIPORTS,Sate,Infra - Construction,Large Cap
ADANIPOWER,NSE,Power - Misc,Large Cap
ADFFOODS,NSE,Consumption - Misc,Small Cap
ADL,NSE,Infra - Laminates,Small Cap
ADOR,NSE,Engineering,Small Cap
ADSL,NSE,IT - Services,Small Cap
ADVANIHOTR,NSE,Leisure - Hotels,Small Cap
ADVENZYMES,NSE,Healthcare - Biotech,Small Cap
AEGISLOG,NSE,Utility - Gas,Small Cap
AEROENTER,NSE,Metals - Iron & Steel,Small Cap
AEROFLEX,NSE,Metals - Iron & Steel,Small Cap
AERONEU,NSE,Packaging,Small Cap
AETHER,NSE,Chemicals - Specialty,Small Cap
AFFLE,NSE,IT - Product/Platform,Small Cap
AFSL,NSE,Others,Small Cap
AGARIND,NSE,Chemicals - Petro,Small Cap
AGI,NSE,Packaging,Small Cap
AGRITECH,NSE,Agri - Misc,Small Cap
AGROPHOS,NSE,Agrichem - Fertilizers,Small Cap
AHLADA,NSE,Infra - Home Furnish,Small Cap
AHLEAST,NSE,Leisure - Hotels,Small Cap
AHLUCONT,NSE,Infra - Construction,Small Cap
AIAENG,Core,Metals - Casting/Forging,Mid Cap
AIRAN,NSE,IT - Services,Small Cap
AIROLAM,NSE,Infra - Laminates,Small Cap
AJANTPHARM,NSE,Healthcare - Pharma,Mid Cap
AJMERA,NSE,Real Estate,Small Cap
AKASH,NSE,Infra - Construction,Small Cap
AKSHARCHEM,NSE,Chemicals - Dyes,Small Cap
AKZOINDIA,NSE,Consumption - Paints,Small Cap
ALBERTDAVD,NSE,Healthcare - Pharma,Small Cap
ALEMBICLTD,NSE,Healthcare - Pharma,Small Cap
ALICON,NSE,Auto - OEM Suppliers,Small Cap
ALIVUS,NSE,Healthcare - Pharma,Small Cap
ALKALI,NSE,Chemicals - Specialty,Small Cap
ALKEM,NSE,Healthcare - Pharma,Mid Cap
ALKYLAMINE,NSE,Chemicals - Specialty,Small Cap
ALLCARGO,NSE,Transport - Logistics,Small Cap
ALLDIGI,NSE,Tech - BPO,Small Cap
ALPA,NSE,Healthcare - Pharma,Small Cap
ALPHAGEO,NSE,Oil and Gas,Small Cap
AMBER,NSE,Consumption - Appliances,Small Cap
AMBICAAGAR,NSE,Consumption - Misc,Small Cap
AMBIKCO,NSE,Textile - Spinning/Yarn,Small Cap
AMBUJACEM,NSE,Infra - Cement,Large Cap
AMDIND,NSE,Packaging,Small Cap
AMJLAND,NSE,Real Estate,Small Cap
AMRUTANJAN,NSE,Healthcare - Pharma,Small Cap
ANANDRATHI,NSE,Financials - Misc,Small Cap
ANANTRAJ,NSE,Real Estate,Small Cap
ANDHRAPAP,NSE,Paper,Small Cap
ANDHRSUGAR,NSE,Chemicals - Bulk,Small Cap
ANGELONE,NSE,Financials - Broking,Small Cap
ANIKINDS,NSE,Metals - Misc,Small Cap
ANTELOPUS,NSE,Oil and Gas,Small Cap
ANUP,NSE,Engineering,Small Cap
ANURAS,Sate,Chemicals - Specialty,Small Cap
APARINDS,NSE,Power - Equipment,Small Cap
APCL,NSE,Infra - Cement,Small Cap
APCOTEXIND,NSE,Industrial - Consumables,Small Cap
APEX,NSE,Consumption - Misc,Small Cap
APLAPOLLO,Core,Metals - Pipe & Tube,Mid Cap
APLLTD,NSE,Healthcare - Pharma,Small Cap
APOLLO,NSE,Defense - Technology,Small Cap
APOLLOHOSP,NSE,Healthcare - Hospitals,Large Cap
APOLLOPIPE,NSE,Infra - Plastic Pipes,Small Cap
APOLLOTYRE,NSE,Auto - Tyres,Mid Cap
APOLSINHOT,NSE,Leisure - Hotels,Small Cap
APTECHT,NSE,IT - Education,Small Cap
APTUS,NSE,Financials - Housing,Small Cap
ARCHIDPLY,NSE,Infra - Laminates,Small Cap
ARCHIES,NSE,Leisure - Misc,Small Cap
ARE&M,NSE,Batteries,Small Cap
ARENTERP,NSE,Others,Small Cap
ARIES,NSE,Agrichem - Fertilizers,Small Cap
ARIHANTCAP,NSE,Financials - Broking,Small Cap
ARIHANTSUP,NSE,Real Estate,Small Cap
ARMANFIN,NSE,Financials - NBFC,Small Cap
AROGRANITE,NSE,Infra - Granites/Marbles,Small Cap
ARROWGREEN,NSE,Packaging,Small Cap
ARTEMISMED,NSE,Healthcare - Hospitals,Small Cap
ARTNIRMAN,NSE,Real Estate,Small Cap
ARVEE,NSE,Chemicals - Bulk,Small Cap
ARVIND,NSE,Textile - Apparels,Small Cap
ARVINDFASN,NSE,Textile - Apparels,Small Cap
ARVSMART,NSE,Real Estate,Small Cap
ASAHIINDIA,NSE,Auto - OEM Suppliers,Small Cap
ASAHISONG,NSE,Chemicals - Dyes,Small Cap
ASAL,NSE,Auto - Replacement,Small Cap
ASALCBR,NSE,Beverages - Alcohol,Small Cap
ASHAPURMIN,NSE,Metals - Misc,Small Cap
ASHIANA,NSE,Real Estate,Small Cap
ASHIMASYN,NSE,Textile - Spinning/Yarn,Small Cap
ASHOKA,NSE,Infra - Construction,Small Cap
ASHOKLEY,NSE,Auto - CV,Mid Cap
ASIANENE,NSE,Oil and Gas,Small Cap
ASIANHOTNR,NSE,Leisure - Hotels,Small Cap
ASIANPAINT,NSE,Consumption - Paints,Large Cap
ASIANTILES,NSE,Infra - Ceramics,Small Cap
ASPINWALL,NSE,Transport - Logistics,Small Cap
ASTEC,NSE,Agrichem - Protection,Small Cap
ASTERDM,NSE,Healthcare - Hospitals,Small Cap
ASTRAL,NSE,Infra - Plastic Pipes,Mid Cap
ASTRAMICRO,NSE,Defense - Technology,Small Cap
ASTRAZEN,NSE,Healthcare - Pharma,Small Cap
ATALREAL,NSE,Real Estate,Small Cap
ATAM,NSE,Engineering,Small Cap
ATGL,NSE,Utility - Gas,Large Cap
ATL,NSE,Transport - Logistics,Small Cap
ATLANTAA,NSE,Infra - Construction,Small Cap
ATUL,NSE,Chemicals - Specialty,Mid Cap
ATULAUTO,NSE,Auto - CV,Small Cap
AUBANK,NSE,Financials - Private Bank,Mid Cap
AURIONPRO,NSE,IT - Software/Consulting,Small Cap
AUROPHARMA,Sate,Healthcare - Pharma,Mid Cap
AURUM,NSE,IT - Product/Platform,Small Cap
AUSOMENT,NSE,Others,Small Cap
AUTOAXLES,NSE,Auto - Replacement,Small Cap
AUTOIND,NSE,Auto - OEM Suppliers,Small Cap
AVADHSUGAR,NSE,Agri - Sugar,Small Cap
AVALON,NSE,Electronic - Equipment,Small Cap
AVANTIFEED,NSE,Agri - Animal Feed,Small Cap
AVG,NSE,Transport - Logistics,Small Cap
AVROIND,NSE,Consumption - Misc,Small Cap
AVTNPL,NSE,Agri - Misc,Small Cap
AWHCL,NSE,Engineering,Small Cap
AWL,NSE,Agri - Edible Oil,Large Cap
AXISBANK,NSE,Financials - Private Bank,Large Cap
AXISCADES,NSE,IT - Services,Small Cap
AYMSYNTEX,NSE,Textile - Spinning/Yarn,Small Cap
BAFNAPH,NSE,Healthcare - Pharma,Small Cap
BAJAJ-AUTO,Core,Auto - 2W,Large Cap
BAJAJCON,NSE,Consumption - Personal,Small Cap
BAJAJELEC,NSE,Consumption - Appliances,Small Cap
BAJAJFINSV,NSE,Financials - Misc,Large Cap
BAJAJHCARE,NSE,Healthcare - Pharma,Small Cap
BAJAJHIND,NSE,Agri - Sugar,Small Cap
BAJAJHLDNG,NSE,Financials - Misc,Large Cap
BAJFINANCE,NSE,Financials - NBFC,Large Cap
BALAJITELE,NSE,Media - Entertainment,Small Cap
BALAMINES,NSE,Chemicals - Specialty,Small Cap
BALAXI,NSE,Healthcare - Pharma,Small Cap
BALKRISHNA,NSE,Paper,Small Cap
BALKRISIND,NSE,Auto - Tyres,Mid Cap
BALMLAWRIE,NSE,Others,Small Cap
BALPHARMA,NSE,Healthcare - Pharma,Small Cap
BALRAMCHIN,NSE,Agri - Sugar,Small Cap
BANARBEADS,NSE,Consumption - Jewelry,Small Cap
BANARISUG,NSE,Agri - Sugar,Small Cap
BANCOINDIA,NSE,Auto - Replacement,Small Cap
BANDHANBNK,NSE,Financials - Private Bank,Mid Cap
BANG,NSE,Textile - Apparels,Small Cap
BANKA,NSE,Engineering,Small Cap
BANKBARODA,Track,Financials - PSU Bank,Large Cap
BANKINDIA,Track,Financials - PSU Bank,Mid Cap
BANSWRAS,NSE,Textile - Spinning/Yarn,Small Cap
BASF,NSE,Chemicals - Specialty,Small Cap
BASML,NSE,Textile - Spinning/Yarn,Small Cap
BATAINDIA,NSE,Consumption - Footwear,Mid Cap
BAYERCROP,NSE,Agrichem - Protection,Mid Cap
BBL,NSE,Power - Equipment,Small Cap
BBOX,NSE,IT - Services,Small Cap
BBTC,NSE,Consumption - FMCG,Small Cap
BBTCL,NSE,Packaging,Small Cap
BCLIND,NSE,Agri - Edible Oil,Small Cap
BCONCEPTS,NSE,Consumption - Misc,Small Cap
BDL,NSE,Defense - Misc,Mid Cap
BEARDSELL,NSE,Packaging,Small Cap
BECTORFOOD,Core,Consumption - FMCG,Small Cap
BEDMUTHA,NSE,Power - Wiring,Small Cap
BEL,NSE,Defense - Misc,Large Cap
BEML,NSE,Defense - Misc,Small Cap
BEPL,NSE,Chemicals - Specialty,Small Cap
BERGEPAINT,NSE,Consumption - Paints,Large Cap
BESTAGRO,NSE,Agrichem - Protection,Small Cap
BFINVEST,NSE,Financials - Misc,Small Cap
BFUTILITIE,NSE,Infra - Construction,Small Cap
BGRENERGY,NSE,Infra - Construction,Small Cap
BHAGCHEM,NSE,Agrichem - Protection,Small Cap
BHAGERIA,NSE,Chemicals - Dyes,Small Cap
BHAGYANGR,NSE,Metals - Copper,Small Cap
BHARATFORG,Track,Metals - Casting/Forging,Mid Cap
BHARATGEAR,NSE,Auto - Replacement,Small Cap
BHARATRAS,NSE,Agrichem - Protection,Small Cap
BHARATWIRE,NSE,Power - Wiring,Small Cap
BHARTIARTL,NSE,Telecom,Large Cap
BHEL,Track,Power - Equipment,Mid Cap
BIGBLOC,NSE,Infra - Cement,Small Cap
BIKAJI,NSE,Consumption - Misc,Small Cap
BIL,NSE,Leather Products,Small Cap
BIOCON,NSE,Healthcare - Biotech,Mid Cap
BIOFILCHEM,NSE,Healthcare - Pharma,Small Cap
BIRLACABLE,NSE,Telecom,Small Cap
BIRLACORPN,NSE,Infra - Cement,Small Cap
BIRLAMONEY,NSE,Financials - Broking,Small Cap
BIRLANU,NSE,Infra - Home Furnish,Small Cap
BLAL,NSE,Real Estate,Small Cap
BLISSGVS,NSE,Healthcare - Pharma,Small Cap
BLKASHYAP,NSE,Real Estate,Small Cap
BLS,NSE,Leisure - Misc,Small Cap
BLUECOAST,NSE,Leisure - Hotels,Small Cap
BLUEDART,NSE,Transport - Logistics,Mid Cap
BLUESTARCO,NSE,Consumption - Appliances,Small Cap
BODALCHEM,NSE,Chemicals - Dyes,Small Cap
BOHRAIND,NSE,Agrichem - Fertilizers,Small Cap
BOMDYEING,NSE,Textiles - Processing,Small Cap
BOROLTD,NSE,Consumption - Misc,Small Cap
BORORENEW,NSE,Power - Green,Small Cap
BOSCHLTD,NSE,Auto - Replacement,Large Cap
BPCL,Track,Petro - Refineries,Large Cap
BPL,NSE,Consumption - Electronics,Small Cap
BRIGADE,NSE,Real Estate,Small Cap
BRITANNIA,NSE,Consumption - FMCG,Large Cap
BRNL,NSE,Infra - Construction,Small Cap
BROOKS,NSE,Healthcare - Pharma,Small Cap
BSE,Core,IT - Product/Platform,Small Cap
BSHSL,NSE,Agri - Seeds,Small Cap
BSL,NSE,Textile - Spinning/Yarn,Small Cap
BSOFT,Track,IT - Software/Consulting,Small Cap
BUTTERFLY,NSE,Consumption - Appliances,Small Cap
BVCL,NSE,Infra - Cement,Small Cap
BYKE,NSE,Leisure - Hotels,Small Cap
CAMLINFINE,NSE,Chemicals - Specialty,Small Cap
CAMPUS,NSE,Consumption - Footwear,Small Cap
CAMS,NSE,IT - Product/Platform,Small Cap
CANBK,Track,Financials - PSU Bank,Large Cap
CANFINHOME,NSE,Financials - Housing,Small Cap
CANTABIL,NSE,Textile - Apparels,Small Cap
CAPACITE,NSE,Infra - Construction,Small Cap
CAPLIPOINT,NSE,Healthcare - Pharma,Small Cap
CAPTRUST,NSE,Financials - NBFC,Small Cap
CARBORUNIV,NSE,Engineering,Mid Cap
CARERATING,NSE,Financials - Ratings,Small Cap
CARTRADE,NSE,IT - Product/Platform,Small Cap
CARYSIL,Core,Consumption - Appliances,Small Cap
CASTROLIND,NSE,Petro - Lubricants,Small Cap
CCCL,NSE,Infra - Construction,Small Cap
CCL,Core,Agri - Tea/Coffee,Small Cap
CDSL,NSE,IT - Product/Platform,Small Cap
CEATLTD,NSE,Auto - Tyres,Small Cap
CEMPRO,NSE,Infra - Construction,Small Cap
CENTENKA,NSE,Textile - Misc,Small Cap
CENTEXT,NSE,Metals - Misc,Small Cap
CENTRALBK,NSE,Financials - PSU Bank,Mid Cap
CENTRUM,NSE,Financials - Misc,Small Cap
CENTUM,NSE,Electronic - Equipment,Small Cap
CENTURYPLY,NSE,Infra - Laminates,Small Cap
CERA,NSE,Infra - Home Furnish,Small Cap
CESC,NSE,Power - Misc,Small Cap
CGCL,NSE,Financials - NBFC,Small Cap
CGPOWER,NSE,Power - Equipment,Mid Cap
CHALET,NSE,Leisure - Hotels,Small Cap
CHAMBLFERT,NSE,Agrichem - Fertilizers,Small Cap
CHEMBOND,NSE,Chemicals - Specialty,Small Cap
CHEMCON,NSE,Chemicals - Specialty,Small Cap
CHEMFAB,NSE,Chemicals - Bulk,Small Cap
CHEMPLASTS,NSE,Chemicals - Bulk,Small Cap
CHENNPETRO,NSE,Petro - Refineries,Small Cap
CHEVIOT,NSE,Paper,Small Cap
CHOICEIN,NSE,Financials - Misc,Small Cap
CHOLAFIN,Core,Financials - MFI,Large Cap
CHOLAHLDNG,NSE,Financials - Misc,Small Cap
CIEINDIA,NSE,Auto - OEM Suppliers,Mid Cap
CIGNITITEC,NSE,IT - Services,Small Cap
CINELINE,NSE,Real Estate,Small Cap
CIPLA,Core,Healthcare - Pharma,Large Cap
CLEAN,NSE,Chemicals - Bulk,Mid Cap
CLEDUCATE,NSE,IT - Education,Small Cap
CLSEL,NSE,Agri - Rice,Small Cap
CMSINFO,NSE,IT - Services,Small Cap
COALINDIA,NSE,Utility - Misc,Large Cap
COASTCORP,NSE,Consumption - Misc,Small Cap
COCHINSHIP,NSE,Defense - Ship Building,Small Cap
COFFEEDAY,NSE,Leisure - Restaurants,Small Cap
COFORGE,Core,IT - Software/Consulting,Mid Cap
COHANCE,NSE,Healthcare - Pharma,Small Cap
COLPAL,NSE,Consumption - Personal,Mid Cap
CONCOR,NSE,Transport - Logistics,Mid Cap
CONCORDBIO,NSE,Healthcare - Pharma,Small Cap
CONFIPET,NSE,Utility - Misc,Small Cap
CONSOFINVT,NSE,Financials - NBFC,Small Cap
CONTROLPR,NSE,IT - Equipments,Small Cap
CORALFINAC,NSE,Financials - Housing,Small Cap
CORDSCABLE,NSE,Power - Wiring,Small Cap
COROMANDEL,NSE,Agrichem - Fertilizers,Mid Cap
COSMOFIRST,NSE,Packaging,Small Cap
CPCAP,NSE,IT - Education,Small Cap
CRAFTSMAN,NSE,Auto - OEM Suppliers,Small Cap
CREATIVE,NSE,Textile - Apparels,Small Cap
CREDITACC,NSE,Financials - MFI,Mid Cap
CREST,NSE,Financials - NBFC,Small Cap
CRISIL,NSE,Financials - Ratings,Mid Cap
CROMPTON,NSE,Consumption - Appliances,Mid Cap
CROWN,NSE,Engineering,Small Cap
CSBBANK,NSE,Financials - Private Bank,Small Cap
CSLFINANCE,NSE,Financials - NBFC,Small Cap
CTE,NSE,IT - Software/Consulting,Small Cap
CUB,Core,Financials - Private Bank,Small Cap
CUBEXTUB,NSE,Metals - Copper,Small Cap
CUMMINSIND,Track,Industrial - Pumps/Engines,Mid Cap
CUPID,NSE,Consumption - Personal,Small Cap
CYBERTECH,NSE,IT - Software/Consulting,Small Cap
CYIENT,NSE,IT - Services,Small Cap
CYIENTDLM,NSE,Electronic - Equipment,Small Cap
DABUR,NSE,Consumption - Personal,Large Cap
DALBHARAT,NSE,Infra - Cement,Mid Cap
DALMIASUG,NSE,Agri - Sugar,Small Cap
DAMODARIND,NSE,Textile - Spinning/Yarn,Small Cap
DATAMATICS,NSE,IT - Services,Small Cap
DATAPATTNS,Core,Defense - Technology,Small Cap
DBCORP,NSE,Media - Publishing,Small Cap
DBL,NSE,Infra - Construction,Small Cap
DBOL,NSE,Agri - Sugar,Small Cap
DBREALTY,NSE,Real Estate,Small Cap
DBSTOCKBRO,NSE,Financials - Broking,Small Cap
DCAL,NSE,Healthcare - Pharma,Small Cap
DCBBANK,NSE,Financials - Private Bank,Small Cap
DCI,NSE,IT - Software/Consulting,Small Cap
DCM,NSE,IT - Services,Small Cap
DCMNVL,NSE,Textile - Spinning/Yarn,Small Cap
DCMSHRIRAM,NSE,Others,Small Cap
DCMSRIND,NSE,Agri - Sugar,Small Cap
DCW,NSE,Chemicals - Petro,Small Cap
DCXINDIA,NSE,Defense - Technology,Small Cap
DECCANCE,NSE,Infra - Cement,Small Cap
DEEPAKFERT,Watchlist,Agrichem - Fertilizers,Small Cap
DEEPAKNTR,NSE,Chemicals - Specialty,Mid Cap
DEEPINDS,NSE,Oil and Gas,Small Cap
DELHIVERY,NSE,Transport - Logistics,Mid Cap
DELPHIFX,NSE,Financials - Misc,Small Cap
DELTACORP,NSE,Leisure - Misc,Small Cap
DELTAMAGNT,NSE,Metals - Misc,Small Cap
DEN,NSE,Media - TV Broadcast,Small Cap
DENORA,NSE,Metals - Casting/Forging,Small Cap
DEVIT,NSE,IT - Services,Small Cap
DEVYANI,NSE,Leisure - Restaurants,Mid Cap
DGCONTENT,NSE,Media - Misc,Small Cap
DHAMPURSUG,NSE,Agri - Sugar,Small Cap
DHANBANK,NSE,Financials - Private Bank,Small Cap
DHANUKA,NSE,Agrichem - Protection,Small Cap
DHARMAJ,NSE,Agrichem - Protection,Small Cap
DHRUV,NSE,IT - Software/Consulting,Small Cap
DHUNINV,NSE,Financials - Misc,Small Cap
DIACABS,NSE,Power - Wiring,Small Cap
DIAMINESQ,NSE,Chemicals - Bulk,Small Cap
DIAMONDYD,NSE,Consumption - FMCG,Small Cap
DICIND,NSE,Chemicals - Misc,Small Cap
DIGISPICE,NSE,IT - Services,Small Cap
DIGJAMLMTD,NSE,Textile - Misc,Small Cap
DIVGIITTS,NSE,Auto - Misc,Small Cap
DIVISLAB,NSE,Healthcare - Pharma,Large Cap
DIXON,NSE,Consumption - Electronics,Mid Cap
DJML,NSE,Transport - Logistics,Small Cap
DLF,NSE,Real Estate,Large Cap
DLINKINDIA,NSE,IT - Software/Consulting,Small Cap
DMART,NSE,Consumption - Retail,Large Cap
DMCC,NSE,Chemicals - Specialty,Small Cap
DODLA,NSE,Consumption - Dairy,Small Cap
DOLATALGO,NSE,Financials - Misc,Small Cap
DOLLAR,NSE,Textile - Innerwear,Small Cap
DOLPHIN,NSE,Oil and Gas,Small Cap
DONEAR,NSE,Textiles - Processing,Small Cap
DPABHUSHAN,NSE,Consumption - Jewelry,Small Cap
DPWIRES,NSE,Power - Wiring,Small Cap
DRCSYSTEMS,NSE,IT - Software/Consulting,Small Cap
DREAMFOLKS,NSE,Infra - Construction,Small Cap
DREDGECORP,NSE,Engineering,Small Cap
DRREDDY,NSE,Healthcare - Pharma,Large Cap
DSSL,NSE,IT - Services,Small Cap
DTIL,NSE,Agri - Tea/Coffee,Small Cap
DVL,NSE,Chemicals - Petro,Small Cap
DWARKESH,NSE,Agri - Sugar,Small Cap
DYCL,NSE,Power - Wiring,Small Cap
DYNAMATECH,NSE,Defense - Misc,Small Cap
DYNPRO,NSE,Chemicals - Dyes,Small Cap
E2E,NSE,IT - Software/Consulting,Small Cap
EASTSILK,NSE,Textile - Misc,Small Cap
ECLERX,NSE,IT - Software/Consulting,Small Cap
EDELWEISS,NSE,Financials - Misc,Small Cap
EICHERMOT,Core,Auto - 2W,Large Cap
EIDPARRY,NSE,Agrichem - Fertilizers,Small Cap
EIFFL,NSE,Consumption - FMCG,Small Cap
EIHAHOTELS,NSE,Leisure - Hotels,Small Cap
EIHOTEL,NSE,Leisure - Hotels,Small Cap
EIMCOELECO,NSE,Engineering,Small Cap
EKC,NSE,Packaging,Small Cap
ELDEHSG,NSE,Real Estate,Small Cap
ELECON,NSE,Electronic - Equipment,Small Cap
ELECTCAST,NSE,Metals - Casting/Forging,Small Cap
ELECTHERM,NSE,Metals - Iron & Steel,Small Cap
ELGIEQUIP,NSE,Industrial - Pumps/Engines,Small Cap
ELGIRUBCO,NSE,Others,Small Cap
ELIN,NSE,Consumption - Appliances,Small Cap
EMAMILTD,NSE,Consumption - Personal,Mid Cap
EMAMIPAP,NSE,Paper,Small Cap
EMAMIREAL,NSE,Real Estate,Small Cap
EMBDL,NSE,Real Estate,Small Cap
EMIL,NSE,Consumption - Retail,Small Cap
EMKAY,NSE,Financials - Broking,Small Cap
EMMBI,NSE,Packaging,Small Cap
EMSLIMITED,NSE,Others,Small Cap
EMUDHRA,NSE,IT - Product/Platform,Small Cap
ENDURANCE,NSE,Auto - OEM Suppliers,Mid Cap
ENERGYDEV,NSE,Power - Misc,Small Cap
ENGINERSIN,NSE,Infra - Construction,Small Cap
ENIL,NSE,Media - Entertainment,Small Cap
EPIGRAL,NSE,Chemicals - Specialty,Small Cap
EPL,NSE,Packaging,Small Cap
EQUITASBNK,NSE,Financials - Private Bank,Small Cap
ERIS,NSE,Healthcare - Pharma,Small Cap
ESABINDIA,Core,Engineering,Small Cap
ESCORTS,NSE,Auto - Misc,Mid Cap
ESSARSHPNG,NSE,Transport - Shipping,Small Cap
ESTER,NSE,Packaging,Small Cap
ETERNAL,NSE,IT - Product/Platform,Large Cap
ETHOSLTD,NSE,Consumption - Jewelry,Small Cap
EVEREADY,NSE,Batteries,Small Cap
EVERESTIND,NSE,Infra - Cement,Small Cap
EXCELINDUS,NSE,Chemicals - Specialty,Small Cap
EXIDEIND,NSE,Batteries,Mid Cap
EXPLEOSOL,NSE,IT - Services,Small Cap
FACT,NSE,Agrichem - Fertilizers,Mid Cap
FAIRCHEMOR,NSE,Chemicals - Specialty,Small Cap
FAZE3Q,NSE,Textiles - Processing,Small Cap
FCL,NSE,Chemicals - Specialty,Small Cap
FDC,NSE,Healthcare - Pharma,Small Cap
FEDERALBNK,Sate,Financials - Private Bank,Mid Cap
FIBERWEB,NSE,Textile - Misc,Small Cap
FIEMIND,Core,Auto - OEM Suppliers,Small Cap
FILATEX,NSE,Textiles - Polyester,Small Cap
FINCABLES,NSE,Power - Wiring,Small Cap
FINEORG,NSE,Chemicals - Specialty,Small Cap
FINOPB,NSE,Financials - Private Bank,Small Cap
FINPIPE,NSE,Infra - Plastic Pipes,Small Cap
FIVESTAR,NSE,Financials - NBFC,Mid Cap
FLEXITUFF,NSE,Chemicals - Misc,Small Cap
FLUOROCHEM,NSE,Chemicals - Specialty,Mid Cap
FMGOETZE,NSE,Auto - Replacement,Small Cap
FOCUS,NSE,Auto - OEM Suppliers,Small Cap
FOODSIN,NSE,Consumption - FMCG,Small Cap
FORCEMOT,Watchlist,Auto - PV/Trucks,Small Cap
TMPV,Watchlist,Auto - PV/Trucks,Large Cap
TMCV,Watchlist,Auto - PV/Trucks,Large Cap
FORTIS,NSE,Healthcare - Hospitals,Mid Cap
FOSECOIND,NSE,Chemicals - Specialty,Small Cap
FSL,NSE,Tech - BPO,Small Cap
FUSION,NSE,Financials - MFI,Small Cap
GABRIEL,NSE,Auto - Replacement,Small Cap
GAEL,NSE,Agri - Misc,Small Cap
GAIL,NSE,Utility - Gas,Large Cap
GALAXYSURF,NSE,Chemicals - Specialty,Small Cap
GALLANTT,NSE,Metals - Iron & Steel,Small Cap
GANDHITUBE,NSE,Metals - Pipe & Tube,Small Cap
GANECOS,NSE,Textile - Misc,Small Cap
GANESHBE,NSE,Oil and Gas,Small Cap
GANESHHOU,NSE,Real Estate,Small Cap
GANGESSECU,NSE,Agri - Tea/Coffee,Small Cap
GARFIBRES,NSE,Textile - Misc,Small Cap
GATEWAY,NSE,Transport - Logistics,Small Cap
GEECEE,NSE,Real Estate,Small Cap
GEEKAYWIRE,NSE,Power - Wiring,Small Cap
GENCON,NSE,Infra - Construction,Small Cap
GENESYS,NSE,IT - Services,Small Cap
GENUSPOWER,NSE,Electronic - Equipment,Small Cap
GEOJITFSL,NSE,Financials - Broking,Small Cap
GESHIP,NSE,Transport - Shipping,Small Cap
GFLLIMITED,NSE,Others,Small Cap
GHCL,NSE,Chemicals - Bulk,Small Cap
GHCLTEXTIL,NSE,Textile - Spinning/Yarn,Small Cap
GICHSGFIN,NSE,Financials - Housing,Small Cap
GICRE,NSE,Financials - Non-Life,Mid Cap
GILLANDERS,NSE,Agri - Tea/Coffee,Small Cap
GILLETTE,NSE,Consumption - Personal,Mid Cap
GINNIFILA,NSE,Textile - Spinning/Yarn,Small Cap
GIPCL,NSE,Power - Misc,Small Cap
GKWLIMITED,NSE,Financials - Misc,Small Cap
GLAND,NSE,Healthcare - Pharma,Mid Cap
GLAXO,NSE,Healthcare - Pharma,Mid Cap
GLENMARK,NSE,Healthcare - Pharma,Small Cap
GLOBAL,NSE,Transport - Logistics,Small Cap
GLOBALVECT,NSE,Transport - Logistics,Small Cap
GLOBUSSPR,NSE,Beverages - Alcohol,Small Cap
GMBREW,NSE,Beverages - Alcohol,Small Cap
GMDCLTD,NSE,Metals - Misc,Small Cap
GMMPFAUDLR,NSE,Engineering,Small Cap
GMRAIRPORT,NSE,Infra - Construction,Mid Cap
GMRP&UI,NSE,Infra - Construction,Small Cap
GNA,NSE,Auto - OEM Suppliers,Small Cap
GNFC,NSE,Agrichem - Fertilizers,Small Cap
GOACARBON,NSE,Metals - Misc,Small Cap
GOCLCORP,NSE,Defense - Misc,Small Cap
GOCOLORS,NSE,Textile - Apparels,Small Cap
GODFRYPHLP,NSE,Consumption - Misc,Small Cap
GODREJAGRO,NSE,Agri - Animal Feed,Small Cap
GODREJCP,NSE,Consumption - Personal,Large Cap
GODREJIND,NSE,Chemicals - Specialty,Small Cap
GODREJPROP,NSE,Real Estate,Mid Cap
GOKEX,NSE,Textile - Apparels,Small Cap
GOKUL,NSE,Agri - Edible Oil,Small Cap
GOKULAGRO,NSE,Agri - Edible Oil,Small Cap
GOLDIAM,NSE,Consumption - Jewelry,Small Cap
GOLDTECH,NSE,IT - Software/Consulting,Small Cap
GOODLUCK,NSE,Metals - Pipe & Tube,Small Cap
GPIL,NSE,Metals - Iron & Steel,Small Cap
GPPL,NSE,Infra - Construction,Small Cap
GPTINFRA,NSE,Infra - Construction,Small Cap
GRANULES,NSE,Healthcare - Pharma,Small Cap
GRAPHITE,NSE,Metals - Casting/Forging,Small Cap
GRASIM,NSE,Infra - Cement,Large Cap
GRAVITA,NSE,Metals - Misc,Small Cap
GREAVESCOT,NSE,Industrial - Pumps/Engines,Small Cap
GREENLAM,NSE,Infra - Laminates,Small Cap
GREENPANEL,NSE,Infra - Laminates,Small Cap
GREENPLY,NSE,Infra - Laminates,Small Cap
GRINDWELL,NSE,Engineering,Mid Cap
GRINFRA,NSE,Infra - Construction,Small Cap
GRMOVER,NSE,Agri - Misc,Small Cap
GROBTEA,NSE,Agri - Tea/Coffee,Small Cap
GRPLTD,NSE,Industrial - Consumables,Small Cap
GRSE,NSE,Defense - Ship Building,Small Cap
GRWRHITECH,NSE,Industrial - Consumables,Small Cap
GSFC,NSE,Agrichem - Fertilizers,Small Cap
GSLSU,NSE,Infra - Granites/Marbles,Small Cap
GSPL,NSE,Utility - Gas,Mid Cap
GSS,NSE,IT - Services,Small Cap
GTECJAINX,NSE,IT - Education,Small Cap
GTPL,NSE,Media - TV Broadcast,Small Cap
GUFICBIO,NSE,Healthcare - Pharma,Small Cap
GUJALKALI,NSE,Chemicals - Bulk,Small Cap
GUJAPOLLO,NSE,Engineering,Small Cap
GUJGASLTD,NSE,Utility - Gas,Mid Cap
GUJRAFFIA,NSE,Packaging,Small Cap
GULFOILLUB,NSE,Petro - Lubricants,Small Cap
GULFPETRO,NSE,Petro - Lubricants,Small Cap
GULPOLY,NSE,Chemicals - Bulk,Small Cap
GVPIL,NSE,Power - Equipment,Small Cap
GVT&D,NSE,Power - Equipment,Small Cap
HAL,NSE,Defense - Misc,Small Cap
HAPPSTMNDS,NSE,IT - Software/Consulting,Small Cap
HARIOMPIPE,NSE,Metals - Pipe & Tube,Small Cap
HARRMALAYA,NSE,Agri - Tea/Coffee,Small Cap
HARSHA,NSE,Engineering,Small Cap
HATSUN,NSE,Consumption - Dairy,Mid Cap
HAVELLS,NSE,Consumption - Electronics,Large Cap
HBLENGINE,NSE,Railways,Small Cap
HBSL,NSE,Financials - NBFC,Small Cap
HCC,NSE,Infra - Construction,Small Cap
HCG,NSE,Healthcare - Hospitals,Small Cap
HCLTECH,NSE,IT - Software/Consulting,Large Cap
HDFCAMC,NSE,Financials - AMC,Mid Cap
HDFCBANK,NSE,Financials - Private Bank,Large Cap
HDFCLIFE,NSE,Financials - Life,Large Cap
HECPROJECT,NSE,Infra - Construction,Small Cap
HEG,NSE,Metals - Casting/Forging,Small Cap
HEIDELBERG,NSE,Infra - Cement,Small Cap
HEMIPROP,NSE,Real Estate,Small Cap
HERANBA,NSE,Agrichem - Protection,Small Cap
HERCULES,NSE,Engineering,Small Cap
HERITGFOOD,NSE,Consumption - Dairy,Small Cap
HEROMOTOCO,NSE,Auto - 2W,Large Cap
HESTERBIO,NSE,Healthcare - Diagnostics,Small Cap
HEUBACHIND,NSE,Chemicals - Dyes,Small Cap
HEXATRADEX,NSE,Financials - Misc,Small Cap
HFCL,NSE,Telecom,Small Cap
HGINFRA,NSE,Infra - Construction,Small Cap
HGM,NSE,IT - Software/Consulting,Small Cap
HGS,NSE,Tech - BPO,Small Cap
HIKAL,NSE,Healthcare - Pharma,Small Cap
HILTON,NSE,Metals - Pipe & Tube,Small Cap
HIMATSEIDE,NSE,Textile - Misc,Small Cap
HINDALCO,NSE,Metals - Aluminium,Large Cap
HINDCOMPOS,NSE,Auto - OEM Suppliers,Small Cap
HINDCON,NSE,Chemicals - Specialty,Small Cap
HINDCOPPER,NSE,Metals - Copper,Small Cap
HINDOILEXP,NSE,Oil and Gas,Small Cap
HINDPETRO,NSE,Petro - Refineries,Mid Cap
HINDUNILVR,NSE,Consumption - FMCG,Large Cap
HINDWAREAP,NSE,Infra - Home Furnish,Small Cap
HINDZINC,NSE,Metals - Misc,Large Cap
HIRECT,NSE,Electronic - Equipment,Small Cap
HISARMETAL,NSE,Metals - Iron & Steel,Small Cap
HITECH,NSE,Metals - Iron & Steel,Small Cap
HITECHCORP,NSE,Packaging,Small Cap
HITECHGEAR,NSE,Auto - Replacement,Small Cap
HLEGLAS,Core,Engineering,Small Cap
HMAAGRO,NSE,Consumption - Misc,Small Cap
HMVL,NSE,Media - Publishing,Small Cap
HNDFDS,NSE,Consumption - Misc,Small Cap
HOMEFIRST,NSE,Financials - Housing,Small Cap
HONAUT,NSE,Electronic - Equipment,Mid Cap
HONDAPOWER,NSE,Engineering,Small Cap
HPAL,NSE,Chemicals - Specialty,Small Cap
HPIL,NSE,Chemicals - Dyes,Small Cap
HPL,NSE,Consumption - Electronics,Small Cap
HSCL,NSE,Chemicals - Specialty,Small Cap
HTMEDIA,NSE,Media - Publishing,Small Cap
HUBTOWN,NSE,Real Estate,Small Cap
HUDCO,NSE,Financials - Housing,Small Cap
HUHTAMAKI,NSE,Packaging,Small Cap
ICDSLTD,NSE,Others,Small Cap
ICEMAKE,NSE,Transport - Logistics,Small Cap
ICICIBANK,NSE,Financials - Private Bank,Large Cap
ICICIGI,Core,Financials - Non-Life,Large Cap
ICICIPRULI,NSE,Financials - Life,Large Cap
ICIL,NSE,Textile - Spinning/Yarn,Small Cap
ICRA,NSE,Financials - Ratings,Small Cap
IDBI,NSE,Financials - Private Bank,Large Cap
IDEAFORGE,NSE,Defense - Technology,Small Cap
IDFCFIRSTB,NSE,Financials - Private Bank,Mid Cap
IEX,NSE,IT - Product/Platform,Small Cap
IFBAGRO,NSE,Beverages - Alcohol,Small Cap
IFBIND,NSE,Consumption - Appliances,Small Cap
IFCI,NSE,Financials - NBFC,Small Cap
IFGLEXPOR,NSE,Metals - Casting/Forging,Small Cap
IGARASHI,NSE,Auto - OEM Suppliers,Small Cap
IGL,NSE,Utility - Gas,Mid Cap
IGPL,NSE,Chemicals - Bulk,Small Cap
IIFL,NSE,Financials - NBFC,Mid Cap
IIFLCAPS,NSE,Financials - Broking,Small Cap
IITL,NSE,Financials - NBFC,Small Cap
IKIO,NSE,Consumption - Electronics,Small Cap
IMAGICAA,NSE,Leisure - Misc,Small Cap
IMFA,NSE,Metals - Misc,Small Cap
IMPAL,NSE,Auto - Misc,Small Cap
INCREDIBLE,NSE,Metals - Iron & Steel,Small Cap
INDBANK,NSE,Financials - Broking,Small Cap
INDHOTEL,NSE,Leisure - Hotels,Mid Cap
INDIACEM,NSE,Infra - Cement,Small Cap
INDIAGLYCO,NSE,Chemicals - Bulk,Small Cap
INDIAMART,NSE,IT - Product/Platform,Mid Cap
INDIANB,NSE,Financials - PSU Bank,Mid Cap
INDIANCARD,NSE,Others,Small Cap
INDIANHUME,NSE,Engineering,Small Cap
INDIGO,NSE,Transport - Logistics,Large Cap
INDIGOPNTS,NSE,Consumption - Paints,Small Cap
INDNIPPON,NSE,Auto - OEM Suppliers,Small Cap
INDOAMIN,NSE,Chemicals - Specialty,Small Cap
INDOBORAX,NSE,Chemicals - Bulk,Small Cap
INDOCO,NSE,Healthcare - Pharma,Small Cap
INDORAMA,NSE,Textiles - Polyester,Small Cap
INDOSTAR,NSE,Financials - NBFC,Small Cap
INDOTECH,NSE,Power - Equipment,Small Cap
INDOTHAI,NSE,Financials - Broking,Small Cap
INDRAMEDCO,NSE,Healthcare - Hospitals,Small Cap
INDSWFTLAB,NSE,Healthcare - Pharma,Small Cap
INDTERRAIN,NSE,Textile - Apparels,Small Cap
INDUSINDBK,NSE,Financials - Private Bank,Large Cap
INDUSTOWER,NSE,Telecom,Mid Cap
INFOBEAN,NSE,IT - Software/Consulting,Small Cap
INFY,NSE,IT - Software/Consulting,Large Cap
INGERRAND,NSE,Industrial - Pumps/Engines,Small Cap
INOXGREEN,NSE,Power - Green,Small Cap
INOXWIND,NSE,Power - Equipment,Small Cap
INSECTICID,NSE,Agrichem - Protection,Small Cap
INSPIRISYS,NSE,IT - Services,Small Cap
INTELLECT,NSE,IT - Software/Consulting,Small Cap
INTENTECH,NSE,IT - Product/Platform,Small Cap
INTLCONV,NSE,Engineering,Small Cap
IOB,NSE,Financials - PSU Bank,Mid Cap
IOC,NSE,Petro - Refineries,Large Cap
IOLCP,NSE,Healthcare - Pharma,Small Cap
IONEXCHANG,NSE,Infra - Construction,Small Cap
IPCALAB,NSE,Healthcare - Pharma,Mid Cap
IPL,NSE,Agrichem - Protection,Small Cap
IRB,NSE,Infra - Construction,Mid Cap
IRCON,NSE,Railways,Small Cap
IRCTC,NSE,IT - Product/Platform,Mid Cap
IRFC,NSE,Railways,Mid Cap
IRIS,NSE,IT - Services,Small Cap
IRISDOREME,NSE,Textile - Apparels,Small Cap
ISFT,NSE,IT - Product/Platform,Small Cap
ISGEC,NSE,Engineering,Small Cap
ITC,NSE,Consumption - Misc,Large Cap
ITDC,NSE,Leisure - Hotels,Small Cap
ITI,NSE,Telecom,Small Cap
IVP,NSE,Chemicals - Bulk,Small Cap
IZMO,NSE,IT - Software/Consulting,Small Cap
J&KBANK,NSE,Financials - Private Bank,Small Cap
JAGRAN,NSE,Media - Publishing,Small Cap
JAGSNPHARM,NSE,Healthcare - Pharma,Small Cap
JAIBALAJI,NSE,Metals - Iron & Steel,Small Cap
JAICORPLTD,NSE,Industrial - Consumables,Small Cap
JAIPURKURT,NSE,Textile - Apparels,Small Cap
JAMNAAUTO,NSE,Auto - Replacement,Small Cap
JASH,NSE,Engineering,Small Cap
JAYAGROGN,NSE,Chemicals - Specialty,Small Cap
JAYBARMARU,NSE,Auto - Replacement,Small Cap
JAYNECOIND,NSE,Metals - Iron & Steel,Small Cap
JAYSREETEA,NSE,Agri - Tea/Coffee,Small Cap
JBCHEPHARM,NSE,Healthcare - Pharma,Small Cap
JBMA,NSE,Auto - Misc,Small Cap
JCHAC,NSE,Consumption - Appliances,Small Cap
JINDALPHOT,NSE,Consumption - Misc,Small Cap
JINDALPOLY,NSE,Packaging,Small Cap
JINDALSAW,NSE,Metals - Pipe & Tube,Small Cap
JINDALSTEL,NSE,Metals - Iron & Steel,Large Cap
JINDRILL,NSE,Oil and Gas,Small Cap
JINDWORLD,NSE,Textile - Misc,Small Cap
JIOFIN,NSE,Financials - NBFC,Small Cap
JISLJALEQS,NSE,Agri - Misc,Small Cap
JITFINFRA,NSE,Infra - Construction,Small Cap
JKCEMENT,NSE,Infra - Cement,Mid Cap
JKIL,NSE,Infra - Construction,Small Cap
JKLAKSHMI,NSE,Infra - Cement,Small Cap
JKPAPER,NSE,Paper,Small Cap
JKTYRE,NSE,Auto - Tyres,Small Cap
JLHL,NSE,Healthcare - Hospitals,Small Cap
JMA,NSE,Auto - OEM Suppliers,Small Cap
JMFINANCIL,NSE,Financials - Misc,Small Cap
JOCIL,NSE,Chemicals - Bulk,Small Cap
JPOLYINVST,NSE,Financials - Misc,Small Cap
JSL,NSE,Metals - Iron & Steel,Mid Cap
JSWENERGY,NSE,Power - Misc,Mid Cap
JSWHL,NSE,Financials - Misc,Small Cap
JSWINFRA,NSE,Infra - Construction,Small Cap
JSWSTEEL,NSE,Metals - Iron & Steel,Large Cap
JTEKTINDIA,NSE,Auto - Replacement,Small Cap
JTLIND,NSE,Metals - Iron & Steel,Small Cap
JUBLFOOD,NSE,Leisure - Restaurants,Mid Cap
JUBLINGREA,NSE,Chemicals - Specialty,Small Cap
JUBLPHARMA,NSE,Healthcare - Pharma,Small Cap
JUSTDIAL,NSE,IT - Product/Platform,Small Cap
JWL,NSE,Railways,Small Cap
JYOTHYLAB,NSE,Consumption - Misc,Small Cap
KABRAEXTRU,NSE,Electronic - Equipment,Small Cap
KAJARIACER,NSE,Infra - Ceramics,Mid Cap
KAKATCEM,NSE,Infra - Cement,Small Cap
KALAMANDIR,NSE,Others,Small Cap
KALYANIFRG,NSE,Metals - Casting/Forging,Small Cap
KALYANKJIL,NSE,Consumption - Jewelry,Small Cap
KAMATHOTEL,NSE,Leisure - Hotels,Small Cap
KAMDHENU,NSE,Metals - Iron & Steel,Small Cap
KANORICHEM,NSE,Chemicals - Bulk,Small Cap
KANPRPLA,NSE,Packaging,Small Cap
KANSAINER,NSE,Consumption - Paints,Mid Cap
KAPSTON,NSE,Others,Small Cap
KARMAENG,NSE,Power - Equipment,Small Cap
KARURVYSYA,NSE,Financials - Private Bank,Small Cap
KAUSHALYA,NSE,Infra - Construction,Small Cap
KAVDEFENCE,NSE,Telecom,Small Cap
KAYA,NSE,Leisure - Misc,Small Cap
KAYNES,NSE,Electronic - Equipment,Small Cap
KCP,NSE,Infra - Cement,Small Cap
KCPSUGIND,NSE,Agri - Sugar,Small Cap
KDDL,NSE,Consumption - Jewelry,Small Cap
KEC,NSE,Railways,Small Cap
KECL,NSE,Power - Equipment,Small Cap
KEI,NSE,Power - Wiring,Mid Cap
KELLTONTEC,NSE,IT - Software/Consulting,Small Cap
KERNEX,NSE,Railways,Small Cap
KEYFINSERV,NSE,Financials - Misc,Small Cap
KFINTECH,NSE,IT - Product/Platform,Small Cap
KHADIM,NSE,Consumption - Footwear,Small Cap
KHAICHEM,NSE,Agrichem - Fertilizers,Small Cap
KHAITANLTD,NSE,Consumption - Electronics,Small Cap
KHANDSE,NSE,Financials - Broking,Small Cap
KICL,NSE,Financials - Misc,Small Cap
KILITCH,NSE,Healthcare - Pharma,Small Cap
KIMS,NSE,Healthcare - Hospitals,Small Cap
KINGFA,NSE,Industrial - Consumables,Small Cap
KIOCL,NSE,Metals - Iron & Steel,Small Cap
KIRIINDUS,NSE,Chemicals - Dyes,Small Cap
KIRLOSBROS,NSE,Industrial - Pumps/Engines,Small Cap
KIRLOSENG,NSE,Industrial - Pumps/Engines,Small Cap
KIRLOSIND,NSE,Power - Green,Small Cap
KIRLPNU,NSE,Industrial - Pumps/Engines,Small Cap
KITEX,NSE,Textile - Apparels,Small Cap
KKCL,NSE,Textile - Apparels,Small Cap
KMSUGAR,NSE,Agri - Sugar,Small Cap
KNRCON,NSE,Infra - Construction,Small Cap
KOHINOOR,NSE,Agri - Misc,Small Cap
KOKUYOCMLN,NSE,Consumption - Misc,Small Cap
KOLTEPATIL,NSE,Real Estate,Small Cap
KOPRAN,NSE,Healthcare - Pharma,Small Cap
KOTAKBANK,NSE,Financials - Private Bank,Large Cap
KOTARISUG,NSE,Agri - Sugar,Small Cap
KOTHARIPET,NSE,Chemicals - Petro,Small Cap
KOTHARIPRO,NSE,Others,Small Cap
KPIGREEN,NSE,Power - Green,Small Cap
KPIL,NSE,Infra - Construction,Small Cap
KPITTECH,NSE,IT - Services,Mid Cap
KPRMILL,NSE,Textile - Apparels,Mid Cap
KRBL,NSE,Agri - Rice,Small Cap
KREBSBIO,NSE,Healthcare - Pharma,Small Cap
KRISHANA,NSE,Agrichem - Fertilizers,Small Cap
KRITI,NSE,Industrial - Consumables,Small Cap
KRITINUT,NSE,Agri - Edible Oil,Small Cap
KRSNAA,NSE,Healthcare - Diagnostics,Small Cap
KSB,NSE,Industrial - Pumps/Engines,Small Cap
KSCL,NSE,Agri - Seeds,Small Cap
KSL,NSE,Metals - Iron & Steel,Small Cap
KSOLVES,NSE,IT - Software/Consulting,Small Cap
KTKBANK,NSE,Financials - Private Bank,Small Cap
KUANTUM,NSE,Paper,Small Cap
LAGNAM,NSE,Textile - Misc,Small Cap
LALPATHLAB,NSE,Healthcare - Diagnostics,Mid Cap
LAMBODHARA,NSE,Textile - Spinning/Yarn,Small Cap
LANDMARK,NSE,Auto - Misc,Small Cap
LAOPALA,NSE,Consumption - Misc,Small Cap
LATENTVIEW,NSE,IT - Product/Platform,Small Cap
LATTEYS,NSE,Industrial - Pumps/Engines,Small Cap
LAURUSLABS,NSE,Healthcare - Pharma,Mid Cap
LAXMICOT,NSE,Textile - Spinning/Yarn,Small Cap
LEMONTREE,NSE,Leisure - Hotels,Small Cap
LEXUS,NSE,Infra - Ceramics,Small Cap
LFIC,NSE,Others,Small Cap
LGBBROSLTD,NSE,Auto - OEM Suppliers,Small Cap
LIBERTSHOE,NSE,Consumption - Footwear,Small Cap
LICHSGFIN,NSE,Financials - Housing,Mid Cap
LICI,NSE,Financials - Life,Large Cap
LIKHITHA,NSE,Infra - Construction,Small Cap
LINC,NSE,Consumption - Misc,Small Cap
LINCOLN,NSE,Healthcare - Pharma,Small Cap
LINDEINDIA,NSE,Chemicals - Misc,Mid Cap
LLOYDSENGG,NSE,Metals - Iron & Steel,Small Cap
LLOYDSME,NSE,Metals - Iron & Steel,Small Cap
LMW,NSE,Engineering,Small Cap
LODHA,NSE,Real Estate,Mid Cap
LOKESHMACH,NSE,Engineering,Small Cap
LORDSCHLO,NSE,Chemicals - Bulk,Small Cap
LOTUSEYE,NSE,Healthcare - Hospitals,Small Cap
LOVABLE,NSE,Textile - Innerwear,Small Cap
LOYALTEX,NSE,Textile - Spinning/Yarn,Small Cap
LT,NSE,Infra - Construction,Large Cap
LTF,NSE,Financials - NBFC,Mid Cap
LTFOODS,NSE,Agri - Rice,Small Cap
LTIM,NSE,IT - Software/Consulting,Large Cap
LTTS,NSE,IT - Services,Mid Cap
LUMAXIND,NSE,Auto - Replacement,Small Cap
LUMAXTECH,NSE,Auto - Replacement,Small Cap
LUPIN,NSE,Healthcare - Pharma,Mid Cap
LUXIND,NSE,Textile - Innerwear,Small Cap
LXCHEM,NSE,Chemicals - Specialty,Small Cap
LYKALABS,NSE,Healthcare - Pharma,Small Cap
M&M,NSE,Auto - PV/Trucks,Large Cap
M&MFIN,NSE,Financials - NBFC,Mid Cap
MAANALU,NSE,Metals - Aluminium,Small Cap
MACPOWER,NSE,Engineering,Small Cap
MADHAV,NSE,Infra - Granites/Marbles,Small Cap
MADRASFERT,NSE,Agrichem - Fertilizers,Small Cap
MAGADSUGAR,NSE,Agri - Sugar,Small Cap
MAGNUM,NSE,Paper,Small Cap
MAHABANK,NSE,Financials - PSU Bank,Mid Cap
MAHAPEXLTD,NSE,Financials - Misc,Small Cap
MAHASTEEL,NSE,Metals - Iron & Steel,Small Cap
MAHEPC,NSE,Industrial - Consumables,Small Cap
MAHESHWARI,NSE,Others,Small Cap
MAHLIFE,NSE,Real Estate,Small Cap
MAHLOG,NSE,Transport - Logistics,Small Cap
MAHSCOOTER,NSE,Financials - Misc,Small Cap
MAHSEAMLES,NSE,Metals - Pipe & Tube,Small Cap
MAITHANALL,NSE,Metals - Misc,Small Cap
MALLCOM,NSE,Industrial - Consumables,Small Cap
MALUPAPER,NSE,Paper,Small Cap
MANAKALUCO,NSE,Metals - Aluminium,Small Cap
MANAKCOAT,NSE,Metals - Casting/Forging,Small Cap
MANAKSIA,NSE,Metals - Iron & Steel,Small Cap
MANAKSTEEL,NSE,Metals - Iron & Steel,Small Cap
MANALIPETC,NSE,Chemicals - Petro,Small Cap
MANAPPURAM,NSE,Financials - NBFC,Small Cap
MANGALAM,NSE,Healthcare - Pharma,Small Cap
MANGLMCEM,NSE,Infra - Cement,Small Cap
MANINDS,NSE,Metals - Pipe & Tube,Small Cap
MANINFRA,NSE,Infra - Construction,Small Cap
MANKIND,NSE,Healthcare - Pharma,Large Cap
MANOMAY,NSE,Textile - Misc,Small Cap
MANORAMA,NSE,Agri - Misc,Small Cap
MANORG,NSE,Chemicals - Bulk,Small Cap
MANUGRAPH,NSE,Engineering,Small Cap
MANYAVAR,NSE,Textile - Apparels,Mid Cap
MAPMYINDIA,NSE,IT - Product/Platform,Small Cap
MARALOVER,NSE,Textile - Spinning/Yarn,Small Cap
MARATHON,NSE,Real Estate,Small Cap
MARICO,NSE,Agri - Edible Oil,Large Cap
MARINE,NSE,Electronic - Equipment,Small Cap
MARKSANS,NSE,Healthcare - Pharma,Small Cap
MARUTI,NSE,Auto - PV/Trucks,Large Cap
MASFIN,NSE,Financials - NBFC,Small Cap
MASKINVEST,NSE,Financials - Misc,Small Cap
MASTEK,NSE,IT - Software/Consulting,Small Cap
MATRIMONY,NSE,IT - Product/Platform,Small Cap
MAWANASUG,NSE,Agri - Sugar,Small Cap
MAXHEALTH,NSE,Healthcare - Hospitals,Mid Cap
MAXIND,NSE,Financials - Misc,Small Cap
MAYURUNIQ,NSE,Leather Products,Small Cap
MAZDA,NSE,Engineering,Small Cap
MAZDOCK,NSE,Defense - Ship Building,Mid Cap
MBAPL,NSE,Agrichem - Fertilizers,Small Cap
MBLINFRA,NSE,Infra - Construction,Small Cap
MCL,NSE,Power - Wiring,Small Cap
MCLEODRUSS,NSE,Agri - Tea/Coffee,Small Cap
MCX,NSE,IT - Product/Platform,Small Cap
MEDANTA,NSE,Healthcare - Hospitals,Small Cap
MEDICAMEQ,NSE,Healthcare - Biotech,Small Cap
MEDICO,NSE,Healthcare - Pharma,Small Cap
MEDPLUS,NSE,IT - Product/Platform,Small Cap
MEGASOFT,NSE,IT - Product/Platform,Small Cap
MEGASTAR,NSE,Consumption - Misc,Small Cap
MENONBE,NSE,Industrial - Bearings,Small Cap
METROBRAND,NSE,Consumption - Footwear,Mid Cap
METROPOLIS,NSE,Healthcare - Diagnostics,Small Cap
MFSL,NSE,Financials - Life,Mid Cap
MGL,NSE,Utility - Gas,Small Cap
MHLXMIRU,NSE,Others,Small Cap
MHRIL,NSE,Leisure - Hotels,Small Cap
MICEL,NSE,Electronic - Equipment,Small Cap
MIDHANI,NSE,Defense - Misc,Small Cap
MINDACORP,NSE,Auto - OEM Suppliers,Small Cap
MINDTECK,NSE,IT - Software/Consulting,Small Cap
MIRCELECTR,NSE,Consumption - Electronics,Small Cap
MIRZAINT,NSE,Leather Products,Small Cap
MITCON,NSE,IT - Software/Consulting,Small Cap
MMFL,NSE,Metals - Casting/Forging,Small Cap
MMP,NSE,Metals - Misc,Small Cap
MMTC,NSE,Others,Small Cap
MODIRUBBER,NSE,Others,Small Cap
MODISONLTD,NSE,Power - Equipment,Small Cap
MOHITIND,NSE,Textiles - Processing,Small Cap
MOIL,NSE,Metals - Misc,Small Cap
MOL,NSE,Agrichem - Protection,Small Cap
MOLDTECH,NSE,IT - Services,Small Cap
MOLDTKPAC,NSE,Packaging,Small Cap
MONARCH,NSE,Financials - Broking,Small Cap
MONTECARLO,NSE,Textile - Apparels,Small Cap
MOREPENLAB,NSE,Healthcare - Pharma,Small Cap
MOTHERSON,NSE,Auto - Replacement,Large Cap
MOTILALOFS,NSE,Financials - Broking,Small Cap
MOTOGENFIN,NSE,Financials - Misc,Small Cap
MPHASIS,NSE,IT - Software/Consulting,Mid Cap
MPSLTD,NSE,Media - Publishing,Small Cap
MRF,NSE,Auto - Tyres,Mid Cap
MRPL,NSE,Petro - Refineries,Small Cap
MSPL,NSE,Metals - Iron & Steel,Small Cap
MSTCLTD,NSE,IT - Product/Platform,Small Cap
MSUMI,NSE,Auto - OEM Suppliers,Mid Cap
MTARTECH,NSE,Defense - Misc,Small Cap
MTNL,NSE,Telecom,Small Cap
MUKANDLTD,NSE,Metals - Iron & Steel,Small Cap
MUKTAARTS,NSE,Media - Films,Small Cap
MUNJALAU,NSE,Auto - OEM Suppliers,Small Cap
MUNJALSHOW,NSE,Auto - Replacement,Small Cap
MURUDCERA,NSE,Infra - Ceramics,Small Cap
MUTHOOTCAP,NSE,Financials - NBFC,Small Cap
MUTHOOTFIN,NSE,Financials - NBFC,Mid Cap
MVGJL,NSE,Consumption - Jewelry,Small Cap
NACLIND,NSE,Agrichem - Protection,Small Cap
NAGREEKCAP,NSE,Financials - Misc,Small Cap
NAGREEKEXP,NSE,Textile - Spinning/Yarn,Small Cap
NAHARCAP,NSE,Financials - Misc,Small Cap
NAHARINDUS,NSE,Textile - Spinning/Yarn,Small Cap
NAHARPOLY,NSE,Packaging,Small Cap
NAHARSPING,NSE,Textile - Misc,Small Cap
NAM-INDIA,NSE,Financials - AMC,Small Cap
NARMADA,NSE,Agri - Animal Feed,Small Cap
NATCOPHARM,NSE,Healthcare - Pharma,Small Cap
NATHBIOGEN,NSE,Agri - Seeds,Small Cap
NATIONALUM,NSE,Metals - Aluminium,Mid Cap
NAUKRI,NSE,IT - Product/Platform,Mid Cap
NAVA,NSE,Power - Misc,Small Cap
NAVINFLUOR,NSE,Chemicals - Bulk,Mid Cap
NAVKARCORP,NSE,Transport - Logistics,Small Cap
NAVNETEDUL,NSE,Media - Publishing,Small Cap
NAZARA,NSE,IT - Product/Platform,Small Cap
NBCC,NSE,Infra - Construction,Small Cap
NBIFIN,NSE,Financials - NBFC,Small Cap
NCC,NSE,Infra - Construction,Small Cap
NCLIND,NSE,Infra - Cement,Small Cap
NDGL,NSE,Financials - NBFC,Small Cap
NDLVENTURE,NSE,Media - TV Broadcast,Small Cap
NDRAUTO,NSE,Auto - OEM Suppliers,Small Cap
NDTV,NSE,Media - TV Broadcast,Small Cap
NECCLTD,NSE,Transport - Logistics,Small Cap
NELCAST,NSE,Metals - Casting/Forging,Small Cap
NELCO,NSE,IT - Equipments,Small Cap
NEOGEN,NSE,Chemicals - Specialty,Small Cap
NESCO,NSE,Real Estate,Small Cap
NESTLEIND,NSE,Consumption - FMCG,Large Cap
NETWEB,NSE,IT - Equipments,Small Cap
NETWORK18,NSE,Media - Entertainment,Small Cap
NEULANDLAB,NSE,Healthcare - Pharma,Small Cap
NEWGEN,NSE,IT - Software/Consulting,Small Cap
NFL,NSE,Agrichem - Fertilizers,Small Cap
NGIL,NSE,Consumption - Misc,Small Cap
NGLFINE,NSE,Healthcare - Pharma,Small Cap
NH,NSE,Healthcare - Hospitals,Mid Cap
NHPC,NSE,Power - Misc,Mid Cap
NIACL,NSE,Financials - Non-Life,Mid Cap
NIBL,NSE,Industrial - Bearings,Small Cap
NIITLTD,NSE,IT - Education,Small Cap
NIITMTS,NSE,IT - Education,Small Cap
NILKAMAL,NSE,Consumption - Misc,Small Cap
NINSYS,NSE,IT - Software/Consulting,Small Cap
NIPPOBATRY,NSE,Batteries,Small Cap
NIRAJ,NSE,Infra - Construction,Small Cap
NITCO,NSE,Infra - Ceramics,Small Cap
NITINSPIN,NSE,Textile - Spinning/Yarn,Small Cap
NITIRAJ,NSE,Electronic - Equipment,Small Cap
NKIND,NSE,Agri - Edible Oil,Small Cap
NLCINDIA,NSE,Power - Misc,Small Cap
NMDC,NSE,Metals - Misc,Mid Cap
NOCIL,NSE,Chemicals - Specialty,Small Cap
NORBTEAEXP,NSE,Agri - Tea/Coffee,Small Cap
NRAIL,NSE,Paper,Small Cap
NRBBEARING,NSE,Industrial - Bearings,Small Cap
NRL,NSE,Metals - Misc,Small Cap
NSIL,NSE,Financials - NBFC,Small Cap
NSLNISP,NSE,Metals - Iron & Steel,Small Cap
NTPC,NSE,Power - Misc,Large Cap
NUCLEUS,NSE,IT - Product/Platform,Small Cap
NURECA,NSE,Healthcare - Equipments,Small Cap
NUVAMA,NSE,Financials - AMC,Small Cap
NUVOCO,NSE,Infra - Cement,Small Cap
NYKAA,NSE,IT - Product/Platform,Mid Cap
OAL,NSE,Chemicals - Specialty,Small Cap
OBCL,NSE,Transport - Logistics,Small Cap
OBEROIRLTY,NSE,Real Estate,Mid Cap
OFSS,NSE,IT - Product/Platform,Mid Cap
OIL,NSE,Oil and Gas,Mid Cap
OILCOUNTUB,NSE,Oil and Gas,Small Cap
OLECTRA,NSE,Auto - PV/Trucks,Small Cap
OMAXAUTO,NSE,Auto - OEM Suppliers,Small Cap
OMAXE,NSE,Real Estate,Small Cap
OMINFRAL,NSE,Engineering,Small Cap
ONEPOINT,NSE,Tech - BPO,Small Cap
ONGC,NSE,Oil and Gas,Large Cap
ONMOBILE,NSE,IT - Product/Platform,Small Cap
ONWARDTEC,NSE,IT - Software/Consulting,Small Cap
OPTIEMUS,NSE,Telecom,Small Cap
ORBTEXP,NSE,Textiles - Processing,Small Cap
ORCHPHARMA,NSE,Healthcare - Pharma,Small Cap
ORICONENT,NSE,Packaging,Small Cap
ORIENTBELL,NSE,Infra - Ceramics,Small Cap
ORIENTCEM,NSE,Infra - Cement,Small Cap
ORIENTCER,NSE,Metals - Casting/Forging,Small Cap
ORIENTELEC,NSE,Consumption - Appliances,Small Cap
ORIENTHOT,NSE,Leisure - Hotels,Small Cap
ORIENTLTD,NSE,Packaging,Small Cap
ORIENTPPR,NSE,Paper,Small Cap
ORISSAMINE,NSE,Metals - Misc,Small Cap
OSIAHYPER,NSE,Consumption - Retail,Small Cap
OSWALAGRO,NSE,Agri - Misc,Small Cap
OSWALGREEN,NSE,Financials - Misc,Small Cap
PAGEIND,NSE,Textile - Innerwear,Mid Cap
PAISALO,NSE,Financials - NBFC,Small Cap
PAKKA,NSE,Paper,Small Cap
PALASHSECU,NSE,Consumption - FMCG,Small Cap
PALREDTEC,NSE,IT - Software/Consulting,Small Cap
PANACEABIO,NSE,Healthcare - Biotech,Small Cap
PANACHE,NSE,IT - Services,Small Cap
PANAMAPET,NSE,Petro - Lubricants,Small Cap
PANSARI,NSE,Real Estate,Small Cap
PAR,NSE,Healthcare - Pharma,Small Cap
PARACABLES,NSE,Power - Wiring,Small Cap
PARADEEP,NSE,Agrichem - Fertilizers,Small Cap
PARAGMILK,NSE,Consumption - Dairy,Small Cap
PARAS,NSE,Defense - Misc,Small Cap
PASUPTAC,NSE,Chemicals - Petro,Small Cap
PATANJALI,NSE,Agri - Edible Oil,Mid Cap
PATELENG,NSE,Infra - Construction,Small Cap
PAVNAIND,NSE,Auto - Misc,Small Cap
PAYTM,NSE,IT - Product/Platform,Mid Cap
PCBL,NSE,Chemicals - Bulk,Small Cap
PDMJEPAPER,NSE,Paper,Small Cap
PDSL,NSE,Textile - Misc,Small Cap
PEARLPOLY,NSE,Chemicals - Misc,Small Cap
PENIND,NSE,Engineering,Small Cap
PENINLAND,NSE,Real Estate,Small Cap
PERSISTENT,NSE,IT - Software/Consulting,Mid Cap
PETRONET,NSE,Utility - Gas,Mid Cap
PFC,NSE,Financials - NBFC,Mid Cap
PFIZER,NSE,Healthcare - Pharma,Mid Cap
PFOCUS,NSE,Media - Films,Small Cap
PFS,NSE,Financials - NBFC,Small Cap
PGEL,NSE,Consumption - Electronics,Small Cap
PGHH,NSE,Consumption - Personal,Mid Cap
PGHL,NSE,Healthcare - Pharma,Small Cap
PGIL,NSE,Textile - Apparels,Small Cap
PHOENIXLTD,NSE,Real Estate,Mid Cap
PIDILITIND,NSE,Chemicals - Specialty,Large Cap
PIGL,NSE,Engineering,Small Cap
PIIND,NSE,Agrichem - Protection,Mid Cap
PILANIINVS,NSE,Financials - Misc,Small Cap
PIONEEREMB,NSE,Textile - Misc,Small Cap
PITTIENG,NSE,Electronic - Equipment,Small Cap
PIXTRANS,NSE,Industrial - Consumables,Small Cap
PKTEA,NSE,Agri - Tea/Coffee,Small Cap
PLASTIBLEN,NSE,Chemicals - Specialty,Small Cap
PNB,NSE,Financials - PSU Bank,Large Cap
PNBGILTS,NSE,Financials - Misc,Small Cap
PNBHOUSING,NSE,Financials - Housing,Small Cap
PNC,NSE,Media - Films,Small Cap
PNCINFRA,NSE,Infra - Construction,Small Cap
POCL,NSE,Metals - Misc,Small Cap
PODDARMENT,NSE,Chemicals - Dyes,Small Cap
POKARNA,NSE,Infra - Granites/Marbles,Small Cap
POLICYBZR,NSE,IT - Product/Platform,Mid Cap
POLYCAB,NSE,Power - Wiring,Mid Cap
POLYMED,NSE,Healthcare - Equipments,Small Cap
POLYPLEX,NSE,Packaging,Small Cap
PONNIERODE,NSE,Agri - Sugar,Small Cap
POONAWALLA,NSE,Financials - NBFC,Mid Cap
POWERGRID,NSE,Power - Misc,Large Cap
POWERINDIA,NSE,Power - Equipment,Small Cap
POWERMECH,NSE,Infra - Construction,Small Cap
PPAP,NSE,Auto - OEM Suppliers,Small Cap
PPL,NSE,Infra - Plastic Pipes,Small Cap
PPLPHARMA,NSE,Healthcare - Pharma,Small Cap
PRAENG,NSE,Real Estate,Small Cap
PRAJIND,NSE,Engineering,Small Cap
PRAKASH,NSE,Metals - Pipe & Tube,Small Cap
PRECAM,NSE,Auto - OEM Suppliers,Small Cap
PRECOT,NSE,Textile - Spinning/Yarn,Small Cap
PRECWIRE,NSE,Metals - Copper,Small Cap
PREMEXPLN,NSE,Defense - Misc,Small Cap
PREMIERPOL,NSE,Infra - Plastic Pipes,Small Cap
PRESTIGE,NSE,Real Estate,Mid Cap
PRICOLLTD,NSE,Auto - OEM Suppliers,Small Cap
PRIMESECU,NSE,Financials - Misc,Small Cap
PRINCEPIPE,NSE,Infra - Plastic Pipes,Small Cap
PRITI,NSE,Infra - Home Furnish,Small Cap
PRIVISCL,NSE,Chemicals - Specialty,Small Cap
PROZONER,NSE,Real Estate,Small Cap
PRSMJOHNSN,NSE,Infra - Cement,Small Cap
PRUDENT,NSE,Financials - Misc,Small Cap
PSB,NSE,Financials - PSU Bank,Mid Cap
PSPPROJECT,NSE,Infra - Construction,Small Cap
PTC,NSE,Power - Misc,Small Cap
PTCIL,NSE,Metals - Casting/Forging,Small Cap
PTL,NSE,Others,Small Cap
PUNJABCHEM,NSE,Agrichem - Protection,Small Cap
PURVA,NSE,Real Estate,Small Cap
PVP,NSE,Real Estate,Small Cap
PVRINOX,NSE,Media - Films,Small Cap
PYRAMID,NSE,Packaging,Small Cap
QUESS,NSE,Human Resources,Small Cap
QUICKHEAL,NSE,IT - Product/Platform,Small Cap
RACE,NSE,Others,Small Cap
RADHIKAJWE,NSE,Consumption - Jewelry,Small Cap
RADIANTCMS,NSE,Others,Small Cap
RADICO,NSE,Beverages - Alcohol,Mid Cap
RAILTEL,NSE,Railways,Small Cap
RAIN,NSE,Chemicals - Petro,Small Cap
RAINBOW,NSE,Healthcare - Hospitals,Small Cap
RAJESHEXPO,NSE,Consumption - Jewelry,Mid Cap
RAJRATAN,NSE,Auto - OEM Suppliers,Small Cap
RAJRILTD,NSE,Textiles - Processing,Small Cap
RAJSREESUG,NSE,Agri - Sugar,Small Cap
RAJTV,NSE,Media - TV Broadcast,Small Cap
RALLIS,NSE,Agrichem - Protection,Small Cap
RAMANEWS,NSE,Paper,Small Cap
RAMAPHO,NSE,Agrichem - Fertilizers,Small Cap
RAMCOCEM,NSE,Infra - Cement,Mid Cap
RAMCOIND,NSE,Infra - Cement,Small Cap
RAMCOSYS,NSE,IT - Product/Platform,Small Cap
RAMKY,NSE,Infra - Construction,Small Cap
RAMRAT,NSE,Power - Wiring,Small Cap
RANEHOLDIN,NSE,Auto - Misc,Small Cap
RATEGAIN,NSE,IT - Product/Platform,Small Cap
RATNAMANI,NSE,Metals - Pipe & Tube,Mid Cap
RATNAVEER,NSE,Metals - Iron & Steel,Small Cap
RAYMOND,NSE,Textile - Apparels,Small Cap
RBA,NSE,Leisure - Restaurants,Small Cap
RBLBANK,NSE,Financials - Private Bank,Small Cap
RCF,NSE,Agrichem - Fertilizers,Small Cap
RECLTD,NSE,Financials - NBFC,Mid Cap
REDINGTON,NSE,IT - Services,Small Cap
REDTAPE,NSE,Consumption - Footwear,Small Cap
REFEX,NSE,Chemicals - Misc,Small Cap
REGENCERAM,NSE,Infra - Ceramics,Small Cap
RELAXO,NSE,Consumption - Footwear,Mid Cap
RELCHEMQ,NSE,Textile - Spinning/Yarn,Small Cap
RELIANCE,NSE,Petro - Refineries,Large Cap
RELIGARE,NSE,Financials - Misc,Small Cap
RELINFRA,NSE,Power - Misc,Small Cap
REMSONSIND,NSE,Engineering,Small Cap
RENUKA,NSE,Agri - Sugar,Small Cap
REPCOHOME,NSE,Financials - Housing,Small Cap
REPL,NSE,Engineering,Small Cap
REPRO,NSE,Media - Publishing,Small Cap
RESPONIND,NSE,Infra - Plastic Pipes,Small Cap
RGL,NSE,Consumption - Jewelry,Small Cap
RHIM,NSE,Metals - Casting/Forging,Small Cap
RHL,NSE,Leisure - Hotels,Small Cap
RICOAUTO,Track,Auto - OEM Suppliers,Small Cap
RIIL,NSE,Transport - Logistics,Small Cap
RISHABH,NSE,Electronic - Equipment,Small Cap
RITCO,NSE,Transport - Logistics,Small Cap
RITES,NSE,Railways,Small Cap
RKDL,NSE,Beverages - Alcohol,Small Cap
RKEC,NSE,Infra - Construction,Small Cap
RKFORGE,NSE,Metals - Casting/Forging,Small Cap
RML,NSE,Auto - OEM Suppliers,Small Cap
ROHLTD,NSE,Leisure - Hotels,Small Cap
ROLEXRINGS,NSE,Auto - OEM Suppliers,Small Cap
ROML,NSE,Agri - Edible Oil,Small Cap
ROSSARI,NSE,Chemicals - Specialty,Small Cap
ROSSELLIND,NSE,Defense - Misc,Small Cap
ROTO,NSE,Industrial - Pumps/Engines,Small Cap
ROUTE,NSE,IT - Product/Platform,Small Cap
RPGLIFE,NSE,Healthcare - Pharma,Small Cap
RPOWER,NSE,Power - Misc,Small Cap
RPPINFRA,NSE,Infra - Construction,Small Cap
RPSGVENT,NSE,Tech - BPO,Small Cap
RRKABEL,NSE,Power - Wiring,Small Cap
RSSOFTWARE,NSE,IT - Software/Consulting,Small Cap
RSWM,NSE,Textile - Spinning/Yarn,Small Cap
RSYSTEMS,NSE,IT - Services,Small Cap
RTNINDIA,NSE,Power - Misc,Small Cap
RUBYMILLS,NSE,Textile - Spinning/Yarn,Small Cap
RUCHIRA,NSE,Paper,Small Cap
RUPA,NSE,Textile - Innerwear,Small Cap
RUSHIL,NSE,Infra - Laminates,Small Cap
RUSTOMJEE,NSE,Real Estate,Small Cap
RVHL,NSE,Real Estate,Small Cap
RVNL,NSE,Railways,Mid Cap
S&SPOWER,NSE,Power - Wiring,Small Cap
SAFARI,NSE,Consumption - Luggage,Small Cap
SAGARDEEP,NSE,Metals - Misc,Small Cap
SAGCEM,NSE,Infra - Cement,Small Cap
SAHYADRI,NSE,Infra - Cement,Small Cap
SAIL,NSE,Metals - Iron & Steel,Mid Cap
SAKAR,NSE,Healthcare - Pharma,Small Cap
SAKHTISUG,NSE,Agri - Sugar,Small Cap
SAKSOFT,NSE,IT - Software/Consulting,Small Cap
SALONA,NSE,Textile - Spinning/Yarn,Small Cap
SALSTEEL,NSE,Metals - Iron & Steel,Small Cap
SALZERELEC,NSE,Power - Equipment,Small Cap
SAMHI,NSE,Leisure - Hotels,Small Cap
SAMMAANCAP,NSE,Financials - Housing,Small Cap
SAMPANN,NSE,Power - Green,Small Cap
SANDESH,NSE,Media - Publishing,Small Cap
SANDHAR,NSE,Auto - OEM Suppliers,Small Cap
SANDUMA,NSE,Metals - Misc,Small Cap
SANGAMIND,NSE,Textile - Spinning/Yarn,Small Cap
SANGHIIND,NSE,Infra - Cement,Small Cap
SANGHVIMOV,NSE,Auto - CV,Small Cap
SANOFI,NSE,Healthcare - Pharma,Small Cap
SANSERA,NSE,Auto - OEM Suppliers,Small Cap
SAPPHIRE,NSE,Leisure - Restaurants,Small Cap
SARDAEN,NSE,Metals - Iron & Steel,Small Cap
SAREGAMA,NSE,Media - Entertainment,Small Cap
SARLAPOLY,NSE,Textile - Spinning/Yarn,Small Cap
SASKEN,NSE,IT - Services,Small Cap
SASTASUNDR,NSE,IT - Product/Platform,Small Cap
SATIA,NSE,Paper,Small Cap
SATIN,NSE,Financials - MFI,Small Cap
SBC,NSE,Others,Small Cap
SBCL,NSE,Electronic - Equipment,Small Cap
SBFC,NSE,Financials - NBFC,Small Cap
SBGLP,NSE,Real Estate,Small Cap
SBICARD,NSE,Financials - NBFC,Large Cap
SBILIFE,NSE,Financials - Life,Large Cap
SBIN,NSE,Financials - PSU Bank,Large Cap
SCHAEFFLER,NSE,Industrial - Bearings,Mid Cap
SCHAND,NSE,Media - Publishing,Small Cap
SCHNEIDER,NSE,Power - Equipment,Small Cap
SCI,NSE,Transport - Shipping,Small Cap
SCPL,NSE,Consumption - Dairy,Small Cap
SDBL,NSE,Beverages - Alcohol,Small Cap
SEAMECLTD,NSE,Transport - Shipping,Small Cap
SECURKLOUD,NSE,IT - Services,Small Cap
SEJALLTD,NSE,Others,Small Cap
SELMC,NSE,Textile - Spinning/Yarn,Small Cap
SEMAC,NSE,Engineering,Small Cap
SENCO,NSE,Consumption - Jewelry,Small Cap
SEQUENT,NSE,Healthcare - Pharma,Small Cap
SERVOTECH,NSE,Electronic - Equipment,Small Cap
SESHAPAPER,NSE,Paper,Small Cap
SFL,NSE,Infra - Home Furnish,Small Cap
SGIL,NSE,Power - Green,Small Cap
SHAHALLOYS,NSE,Metals - Iron & Steel,Small Cap
SHAILY,NSE,Industrial - Consumables,Small Cap
SHAKTIPUMP,NSE,Industrial - Pumps/Engines,Small Cap
SHALBY,NSE,Healthcare - Hospitals,Small Cap
SHALPAINTS,NSE,Consumption - Paints,Small Cap
SHANKARA,NSE,Infra - Construction,Small Cap
SHANTIGEAR,NSE,Auto - OEM Suppliers,Small Cap
SHARDACROP,NSE,Agrichem - Protection,Small Cap
SHARDAMOTR,NSE,Auto - OEM Suppliers,Small Cap
SHAREINDIA,NSE,Financials - Broking,Small Cap
SHEMAROO,NSE,Media - Entertainment,Small Cap
SHILPAMED,NSE,Healthcare - Pharma,Small Cap
SHIVALIK,NSE,Agrichem - Protection,Small Cap
SHIVAMAUTO,NSE,Auto - OEM Suppliers,Small Cap
SHIVAMILLS,NSE,Textile - Spinning/Yarn,Small Cap
SHIVATEX,NSE,Textile - Spinning/Yarn,Small Cap
SHK,NSE,Consumption - Personal,Small Cap
SHOPERSTOP,NSE,Consumption - Retail,Small Cap
SHRADHA,NSE,Infra - Construction,Small Cap
SHREDIGCEM,NSE,Infra - Cement,Small Cap
SHREECEM,NSE,Infra - Cement,Large Cap
SHREEPUSHK,NSE,Chemicals - Dyes,Small Cap
SHREERAMA,NSE,Packaging,Small Cap
SHREYANIND,NSE,Paper,Small Cap
SHRIPISTON,NSE,Auto - OEM Suppliers,Small Cap
SHRIRAMFIN,NSE,Financials - NBFC,Mid Cap
SHRIRAMPPS,NSE,Real Estate,Small Cap
SHYAMMETL,NSE,Metals - Iron & Steel,Small Cap
SIEMENS,NSE,Power - Equipment,Large Cap
SIGACHI,NSE,Healthcare - Pharma,Small Cap
SIGIND,NSE,Others,Small Cap
SIGMA,NSE,IT - Services,Small Cap
SIGNATURE,NSE,Real Estate,Small Cap
SIKKO,NSE,Agrichem - Protection,Small Cap
SILGO,NSE,Consumption - Jewelry,Small Cap
SILINV,NSE,Financials - Misc,Small Cap
SILVERTUC,NSE,IT - Software/Consulting,Small Cap
SIMPLEXINF,NSE,Infra - Construction,Small Cap
SINDHUTRAD,NSE,Transport - Logistics,Small Cap
SINTERCOM,NSE,Auto - OEM Suppliers,Small Cap
SIRCA,NSE,Consumption - Paints,Small Cap
SIS,NSE,Others,Small Cap
SIYSIL,NSE,Textile - Misc,Small Cap
SJS,NSE,Auto - OEM Suppliers,Small Cap
SJVN,NSE,Power - Misc,Small Cap
SKFINDIA,NSE,Industrial - Bearings,Mid Cap
SKIPPER,NSE,Power - Equipment,Small Cap
SKMEGGPROD,NSE,Consumption - Misc,Small Cap
SKYGOLD,NSE,Consumption - Jewelry,Small Cap
SMARTLINK,NSE,IT - Equipments,Small Cap
SMCGLOBAL,NSE,Financials - Broking,Small Cap
SMLMAH,NSE,Auto - CV,Small Cap
SMLT,NSE,Metals - Iron & Steel,Small Cap
SMSLIFE,NSE,Healthcare - Pharma,Small Cap
SMSPHARMA,NSE,Healthcare - Pharma,Small Cap
SNOWMAN,NSE,Transport - Logistics,Small Cap
SOBHA,NSE,Real Estate,Small Cap
SOFTTECH,NSE,IT - Software/Consulting,Small Cap
SOLARA,NSE,Healthcare - Pharma,Small Cap
SOLARINDS,NSE,Defense - Misc,Mid Cap
SOMANYCERA,NSE,Infra - Ceramics,Small Cap
SOMATEX,NSE,Textile - Misc,Small Cap
SOMICONVEY,NSE,Engineering,Small Cap
SONACOMS,NSE,Auto - OEM Suppliers,Mid Cap
SONATSOFTW,NSE,IT - Software/Consulting,Small Cap
SOTL,NSE,Petro - Lubricants,Small Cap
SOUTHBANK,NSE,Financials - Private Bank,Small Cap
SOUTHWEST,NSE,Utility - Misc,Small Cap
SPAL,NSE,Textile - Apparels,Small Cap
SPANDANA,NSE,Financials - MFI,Small Cap
SPARC,NSE,Healthcare - Pharma,Small Cap
SPECIALITY,NSE,Leisure - Restaurants,Small Cap
SPENCERS,NSE,Consumption - Retail,Small Cap
SPIC,NSE,Agrichem - Fertilizers,Small Cap
SPLIL,NSE,Textile - Misc,Small Cap
SPLPETRO,NSE,Chemicals - Petro,Small Cap
SPMLINFRA,NSE,Infra - Construction,Small Cap
SPORTKING,NSE,Textile - Spinning/Yarn,Small Cap
SREEL,NSE,Consumption - Footwear,Small Cap
SRF,NSE,Chemicals - Specialty,Large Cap
SRGHFL,NSE,Financials - Housing,Small Cap
SRHHYPOLTD,NSE,Chemicals - Bulk,Small Cap
SSWL,NSE,Auto - Replacement,Small Cap
STAR,NSE,Healthcare - Pharma,Small Cap
STARCEMENT,NSE,Infra - Cement,Small Cap
STARHEALTH,NSE,Financials - Non-Life,Mid Cap
STARPAPER,NSE,Paper,Small Cap
STARTECK,NSE,Financials - NBFC,Small Cap
STCINDIA,NSE,Others,Small Cap
STEELCAS,NSE,Metals - Casting/Forging,Small Cap
STEELCITY,NSE,Financials - Broking,Small Cap
STEL,NSE,Financials - Misc,Small Cap
STERTOOLS,NSE,Auto - OEM Suppliers,Small Cap
STLTECH,NSE,Telecom,Small Cap
STOVEKRAFT,NSE,Consumption - Appliances,Small Cap
STYLAMIND,NSE,Paper,Small Cap
STYRENIX,NSE,Chemicals - Specialty,Small Cap
SUBROS,NSE,Auto - Replacement,Small Cap
SUDARSCHEM,NSE,Chemicals - Dyes,Small Cap
SUKHJITS,NSE,Agri - Misc,Small Cap
SULA,NSE,Beverages - Alcohol,Small Cap
SUMEETINDS,NSE,Textiles - Polyester,Small Cap
SUMICHEM,NSE,Agrichem - Protection,Mid Cap
SUMIT,NSE,Real Estate,Small Cap
SUMMITSEC,NSE,Financials - NBFC,Small Cap
SUNDARMFIN,NSE,Financials - NBFC,Mid Cap
SUNDRMBRAK,NSE,Auto - Replacement,Small Cap
SUNDRMFAST,NSE,Auto - OEM Suppliers,Mid Cap
SUNDROP,NSE,Agri - Edible Oil,Small Cap
SUNFLAG,NSE,Metals - Iron & Steel,Small Cap
SUNPHARMA,NSE,Healthcare - Pharma,Large Cap
SUNTECK,NSE,Real Estate,Small Cap
SUNTV,NSE,Media - TV Broadcast,Mid Cap
SUPERHOUSE,NSE,Leather Products,Small Cap
SUPRAJIT,NSE,Auto - OEM Suppliers,Small Cap
SUPREMEIND,NSE,Industrial - Consumables,Mid Cap
SUPRIYA,NSE,Healthcare - Pharma,Small Cap
SURANASOL,NSE,Power - Green,Small Cap
SURANAT&P,NSE,Power - Green,Small Cap
SURYALAXMI,NSE,Textile - Spinning/Yarn,Small Cap
SURYAROSNI,NSE,Metals - Pipe & Tube,Small Cap
SURYODAY,NSE,Financials - Private Bank,Small Cap
SUTLEJTEX,NSE,Textile - Spinning/Yarn,Small Cap
SUVEN,NSE,Healthcare - Pharma,Small Cap
SUZLON,NSE,Power - Green,Small Cap
SVLL,NSE,Transport - Logistics,Small Cap
SWANCORP,NSE,Real Estate,Small Cap
SWARAJENG,NSE,Industrial - Pumps/Engines,Small Cap
SWELECTES,NSE,Power - Equipment,Small Cap
SWSOLAR,NSE,Power - Green,Small Cap
SYMPHONY,NSE,Consumption - Appliances,Small Cap
SYNGENE,NSE,Healthcare - Pharma,Mid Cap
SYRMA,NSE,Electronic - Equipment,Small Cap
TAINWALCHM,NSE,Industrial - Consumables,Small Cap
TAJGVK,NSE,Leisure - Hotels,Small Cap
TALBROAUTO,NSE,Auto - OEM Suppliers,Small Cap
TANLA,NSE,IT - Product/Platform,Small Cap
TARAPUR,NSE,Power - Equipment,Small Cap
TARC,NSE,Real Estate,Small Cap
TARIL,NSE,Power - Equipment,Small Cap
TARMAT,NSE,Infra - Construction,Small Cap
TARSONS,NSE,Healthcare - Equipments,Small Cap
TASTYBITE,NSE,Consumption - FMCG,Small Cap
TATACHEM,NSE,Chemicals - Bulk,Mid Cap
TATACOMM,NSE,Telecom,Mid Cap
TATACONSUM,NSE,Consumption - Misc,Large Cap
TATAELXSI,NSE,IT - Services,Mid Cap
TATAINVEST,NSE,Financials - Misc,Small Cap
TATAPOWER,NSE,Power - Misc,Large Cap
TATASTEEL,NSE,Metals - Iron & Steel,Large Cap
TATVA,NSE,Chemicals - Specialty,Small Cap
TBZ,NSE,Consumption - Jewelry,Small Cap
TCI,NSE,Transport - Logistics,Small Cap
TCIEXP,NSE,Transport - Logistics,Small Cap
TCPLPACK,NSE,Packaging,Small Cap
TCS,NSE,IT - Software/Consulting,Large Cap
TDPOWERSYS,NSE,Power - Equipment,Small Cap
TEAMGTY,NSE,Financials - NBFC,Small Cap
TEAMLEASE,NSE,Human Resources,Small Cap
TECHM,NSE,IT - Software/Consulting,Large Cap
TECHNOE,NSE,Engineering,Small Cap
TEGA,NSE,Engineering,Small Cap
TEJASNET,NSE,IT - Equipments,Small Cap
TEMBO,NSE,Metals - Iron & Steel,Small Cap
TERASOFT,NSE,IT - Services,Small Cap
TEXINFRA,NSE,Railways,Small Cap
TEXMOPIPES,NSE,Infra - Plastic Pipes,Small Cap
TEXRAIL,NSE,Railways,Small Cap
TFCILTD,NSE,Financials - Misc,Small Cap
THANGAMAYL,NSE,Consumption - Jewelry,Small Cap
THEINVEST,NSE,Financials - Misc,Small Cap
THEJO,NSE,Engineering,Small Cap
THEMISMED,NSE,Healthcare - Pharma,Small Cap
THERMAX,NSE,Power - Equipment,Mid Cap
THOMASCOOK,NSE,Leisure - Misc,Small Cap
THOMASCOTT,NSE,Textile - Apparels,Small Cap
THYROCARE,NSE,Healthcare - Diagnostics,Small Cap
TI,NSE,Beverages - Alcohol,Small Cap
TIIL,NSE,Metals - Casting/Forging,Small Cap
TIINDIA,NSE,Metals - Pipe & Tube,Large Cap
TIL,NSE,Engineering,Small Cap
TIMETECHNO,NSE,Industrial - Consumables,Small Cap
TIMKEN,NSE,Industrial - Bearings,Mid Cap
TIPSFILMS,NSE,Media - Films,Small Cap
TIPSMUSIC,NSE,Media - Entertainment,Small Cap
TIRUMALCHM,NSE,Chemicals - Bulk,Small Cap
TIRUPATIFL,NSE,Metals - Misc,Small Cap
TITAGARH,NSE,Railways,Small Cap
TITAN,NSE,Consumption - Jewelry,Large Cap
TMB,NSE,Financials - Private Bank,Small Cap
TNPETRO,NSE,Chemicals - Petro,Small Cap
TNPL,NSE,Media - Publishing,Small Cap
TOKYOPLAST,NSE,Consumption - Misc,Small Cap
TORNTPHARM,NSE,Healthcare - Pharma,Large Cap
TORNTPOWER,NSE,Power - Misc,Mid Cap
TOTAL,NSE,Transport - Logistics,Small Cap
TOUCHWOOD,NSE,Media - Misc,Small Cap
TPLPLASTEH,NSE,Packaging,Small Cap
TRACXN,NSE,IT - Software/Consulting,Small Cap
TRANSWORLD,NSE,Transport - Shipping,Small Cap
TREJHARA,NSE,IT - Software/Consulting,Small Cap
TREL,NSE,Transport - Logistics,Small Cap
TRENT,NSE,Consumption - Retail,Mid Cap
TRF,NSE,Engineering,Small Cap
TRIDENT,NSE,Textile - Misc,Mid Cap
TRIGYN,NSE,IT - Software/Consulting,Small Cap
TRITURBINE,NSE,Power - Equipment,Small Cap
TRIVENI,NSE,Agri - Sugar,Small Cap
TTKHLTCARE,NSE,Healthcare - Pharma,Small Cap
TTKPRESTIG,NSE,Consumption - Appliances,Small Cap
TTML,NSE,Telecom,Small Cap
TVSELECT,NSE,IT - Equipments,Small Cap
TVSHLTD,NSE,Auto - Replacement,Small Cap
TVSMOTOR,NSE,Auto - 2W,Large Cap
TVSSCS,NSE,Transport - Logistics,Small Cap
TVSSRICHAK,Sate,Auto - Tyres,Small Cap
TVTODAY,NSE,Media - TV Broadcast,Small Cap
UBL,NSE,Beverages - Alcohol,Mid Cap
UCAL,NSE,Auto - Replacement,Small Cap
UCOBANK,NSE,Financials - PSU Bank,Mid Cap
UDS,NSE,Human Resources,Small Cap
UFLEX,NSE,Packaging,Small Cap
UFO,NSE,Media - Films,Small Cap
UGARSUGAR,NSE,Agri - Sugar,Small Cap
UGROCAP,NSE,Financials - NBFC,Small Cap
UJJIVANSFB,NSE,Financials - Private Bank,Small Cap
ULTRACEMCO,NSE,Infra - Cement,Large Cap
UMAEXPORTS,NSE,Agri - Misc,Small Cap
UMIYA-MRO,NSE,Real Estate,Small Cap
UNICHEMLAB,NSE,Healthcare - Pharma,Small Cap
UNIDT,NSE,Engineering,Small Cap
UNIENTER,NSE,Chemicals - Misc,Small Cap
UNIONBANK,NSE,Financials - PSU Bank,Mid Cap
UNIPARTS,NSE,Engineering,Small Cap
UNITDSPR,NSE,Beverages - Alcohol,Large Cap
UNITEDPOLY,NSE,Textile - Misc,Small Cap
UNITEDTEA,NSE,Agri - Tea/Coffee,Small Cap
UNIVASTU,NSE,Engineering,Small Cap
UNIVCABLES,NSE,Power - Wiring,Small Cap
UNIVPHOTO,NSE,Consumption - Misc,Small Cap
UNOMINDA,Core,Auto - OEM Suppliers,Mid Cap
UPL,NSE,Agrichem - Protection,Large Cap
URAVIDEF,NSE,Auto - Misc,Small Cap
USHAMART,NSE,Power - Wiring,Small Cap
USK,NSE,Infra - Construction,Small Cap
UTIAMC,NSE,Financials - AMC,Small Cap
UTKARSHBNK,NSE,Financials - Private Bank,Small Cap
UTTAMSUGAR,NSE,Agri - Sugar,Small Cap
V2RETAIL,NSE,Consumption - Retail,Small Cap
VADILALIND,NSE,Consumption - Dairy,Small Cap
VAIBHAVGBL,NSE,Consumption - Jewelry,Small Cap
VALIANTLAB,NSE,Healthcare - Pharma,Small Cap
VALIANTORG,NSE,Chemicals - Specialty,Small Cap
VARDHACRLC,NSE,Textiles - Polyester,Small Cap
VARROC,NSE,Auto - OEM Suppliers,Small Cap
VASCONEQ,NSE,Engineering,Small Cap
VASWANI,NSE,Metals - Iron & Steel,Small Cap
VBL,NSE,Consumption - Misc,Large Cap
VEDL,NSE,Metals - Misc,Large Cap
VEEDOL,NSE,Petro - Lubricants,Small Cap
VENKEYS,NSE,Consumption - Misc,Small Cap
VENUSPIPES,NSE,Metals - Iron & Steel,Small Cap
VENUSREM,NSE,Healthcare - Pharma,Small Cap
VERANDA,NSE,IT - Services,Small Cap
VERTOZ,NSE,Media - Misc,Small Cap
VESUVIUS,NSE,Metals - Casting/Forging,Small Cap
VETO,NSE,Consumption - Electronics,Small Cap
VGUARD,NSE,Consumption - Appliances,Small Cap
VHL,NSE,Financials - NBFC,Small Cap
VIDHIING,NSE,Chemicals - Dyes,Small Cap
VIJAYA,NSE,Healthcare - Diagnostics,Small Cap
VIMTALABS,NSE,Healthcare - Pharma,Small Cap
VINATIORGA,NSE,Chemicals - Specialty,Mid Cap
VINDHYATEL,NSE,Telecom,Small Cap
VINEETLAB,NSE,Healthcare - Pharma,Small Cap
VINYLINDIA,NSE,Chemicals - Misc,Small Cap
VIPCLOTHNG,NSE,Textile - Innerwear,Small Cap
VIPIND,NSE,Consumption - Luggage,Small Cap
VIRINCHI,NSE,IT - Product/Platform,Small Cap
VISAKAIND,NSE,Infra - Cement,Small Cap
VISASTEEL,NSE,Metals - Iron & Steel,Small Cap
VISHNU,NSE,Chemicals - Specialty,Small Cap
VLEGOV,NSE,IT - Product/Platform,Small Cap
VLSFINANCE,NSE,Financials - AMC,Small Cap
VMART,NSE,Consumption - Retail,Small Cap
VOLTAMP,NSE,Power - Equipment,Small Cap
VOLTAS,NSE,Consumption - Appliances,Mid Cap
VPRPL,NSE,Infra - Construction,Small Cap
VRLLOG,NSE,Transport - Logistics,Small Cap
VSSL,NSE,Metals - Iron & Steel,Small Cap
VSTIND,NSE,Consumption - Misc,Small Cap
VSTTILLERS,NSE,Auto - Misc,Small Cap
VTL,NSE,Textile - Spinning/Yarn,Small Cap
WABAG,NSE,Infra - Construction,Small Cap
WALCHANNAG,NSE,Engineering,Small Cap
WANBURY,NSE,Healthcare - Pharma,Small Cap
WEALTH,NSE,Others,Small Cap
WEBELSOLAR,NSE,Power - Green,Small Cap
WEIZMANIND,NSE,Textiles - Processing,Small Cap
WEL,NSE,Consumption - Appliances,Small Cap
WELCORP,NSE,Metals - Pipe & Tube,Small Cap
WELENT,NSE,Infra - Construction,Small Cap
WELINV,NSE,Financials - Misc,Small Cap
WELSPUNLIV,NSE,Textile - Misc,Small Cap
WENDT,NSE,Engineering,Small Cap
WESTLIFE,NSE,Leisure - Restaurants,Small Cap
WEWIN,NSE,Tech - BPO,Small Cap
WHEELS,NSE,Auto - OEM Suppliers,Small Cap
WHIRLPOOL,NSE,Consumption - Appliances,Mid Cap
WILLAMAGOR,NSE,Financials - Misc,Small Cap
WINDLAS,NSE,Healthcare - Biotech,Small Cap
WINDMACHIN,NSE,Engineering,Small Cap
WIPL,NSE,Infra - Laminates,Small Cap
WIPRO,NSE,IT - Software/Consulting,Large Cap
WOCKPHARMA,NSE,Healthcare - Pharma,Small Cap
WONDERLA,NSE,Leisure - Misc,Small Cap
WSI,NSE,Engineering,Small Cap
WSTCSTPAPR,NSE,Paper,Small Cap
XCHANGING,NSE,IT - Software/Consulting,Small Cap
XELPMOC,NSE,IT - Product/Platform,Small Cap
XPROINDIA,NSE,Packaging,Small Cap
YASHO,NSE,Chemicals - Specialty,Small Cap
YATHARTH,NSE,Healthcare - Hospitals,Small Cap
YATRA,NSE,IT - Product/Platform,Mid Cap
YESBANK,NSE,Financials - Private Bank,Mid Cap
YUKEN,NSE,Industrial - Pumps/Engines,Small Cap
ZAGGLE,NSE,IT - Software/Consulting,Small Cap
ZEEL,NSE,Media - TV Broadcast,Mid Cap
ZENITHEXPO,NSE,Leather Products,Small Cap
ZENSARTECH,NSE,IT - Software/Consulting,Small Cap
ZENTEC,NSE,Defense - Technology,Small Cap
ZFCVINDIA,NSE,Auto - OEM Suppliers,Mid Cap
ZIMLAB,NSE,Healthcare - Pharma,Small Cap
ZODIAC,NSE,Engineering,Small Cap
ZODIACLOTH,NSE,Textile - Apparels,Small Cap
ZOTA,NSE,Healthcare - Pharma,Small Cap
ZUARI,NSE,Agrichem - Fertilizers,Small Cap
ZUARIIND,NSE,Agri - Sugar,Small Cap
ZYDUSLIFE,NSE,Healthcare - Pharma,Mid Cap
ZYDUSWELL,NSE,Consumption - FMCG,Small Cap